City,State,Date,Avg_High,Avg_Low,Mean_Temp,Avg_Precip,Avg_Snow
Portland,ME,2025-11-01,53.7,36.0,44.9,4.4,
Portland,ME,2025-11-02,53.4,35.8,44.6,4.4,0.0
Portland,ME,2025-11-03,53.0,35.5,44.2,4.5,0.0
Portland,ME,2025-11-04,52.6,35.2,43.9,4.5,0.0
Portland,ME,2025-11-05,52.3,34.9,43.6,4.5,0.0
Portland,ME,2025-11-06,51.9,34.6,43.2,4.6,0.0
Portland,ME,2025-11-07,51.5,34.3,42.9,4.6,0.0
Portland,ME,2025-11-08,51.1,34.0,42.6,4.7,0.1
Portland,ME,2025-11-09,50.8,33.7,42.2,4.7,0.1
Portland,ME,2025-11-10,50.4,33.4,41.9,4.7,0.1
Portland,ME,2025-11-11,50.0,33.1,41.6,4.8,0.1
Portland,ME,2025-11-12,49.7,32.8,41.2,4.8,0.1
Portland,ME,2025-11-13,49.3,32.5,40.9,4.8,0.1
Portland,ME,2025-11-14,48.9,32.2,40.6,4.9,0.1
Portland,ME,2025-11-15,48.6,31.9,40.2,4.9,0.1
Portland,ME,2025-11-16,48.2,31.6,39.9,5.0,0.1
Portland,ME,2025-11-17,47.8,31.3,39.6,5.0,0.1
Portland,ME,2025-11-18,47.4,31.0,39.2,5.0,0.1
Portland,ME,2025-11-19,47.1,30.7,38.9,5.1,0.1
Portland,ME,2025-11-20,46.7,30.4,38.5,5.1,0.1
Portland,ME,2025-11-21,46.4,30.0,38.2,5.1,0.1
Portland,ME,2025-11-22,46.0,29.7,37.9,5.2,0.2
Portland,ME,2025-11-23,45.6,29.4,37.5,5.2,0.2
Portland,ME,2025-11-24,45.3,29.1,37.2,5.2,0.2
Portland,ME,2025-11-25,44.9,28.8,36.8,5.3,0.2
Portland,ME,2025-11-26,44.6,28.5,36.5,5.3,0.2
Portland,ME,2025-11-27,44.2,28.1,36.2,5.4,0.2
Portland,ME,2025-11-28,43.9,27.8,35.8,5.4,0.2
Portland,ME,2025-11-29,43.5,27.5,35.5,5.4,0.2
Portland,ME,2025-11-30,43.2,27.2,35.2,5.5,
Manchester,NH,2025-11-01,57.9,31.7,44.8,4.4,
Manchester,NH,2025-11-02,57.4,31.5,44.4,4.4,0.0
Manchester,NH,2025-11-03,56.9,31.3,44.1,4.5,0.0
Manchester,NH,2025-11-04,56.3,31.0,43.7,4.5,0.0
Manchester,NH,2025-11-05,55.8,30.8,43.3,4.5,0.0
Manchester,NH,2025-11-06,55.3,30.5,42.9,4.6,0.0
Manchester,NH,2025-11-07,54.8,30.3,42.5,4.6,0.0
Manchester,NH,2025-11-08,54.3,30.1,42.2,4.7,0.1
Manchester,NH,2025-11-09,53.7,29.8,41.8,4.7,0.1
Manchester,NH,2025-11-10,53.2,29.6,41.4,4.7,0.1
Manchester,NH,2025-11-11,52.7,29.4,41.1,4.8,0.1
Manchester,NH,2025-11-12,52.2,29.2,40.7,4.8,0.1
Manchester,NH,2025-11-13,51.7,28.9,40.3,4.8,0.1
Manchester,NH,2025-11-14,51.2,28.7,40.0,4.9,0.1
Manchester,NH,2025-11-15,50.8,28.5,39.6,4.9,0.1
Manchester,NH,2025-11-16,50.3,28.3,39.3,5.0,0.1
Manchester,NH,2025-11-17,49.8,28.0,38.9,5.0,0.1
Manchester,NH,2025-11-18,49.3,27.8,38.6,5.0,0.1
Manchester,NH,2025-11-19,48.9,27.6,38.2,5.1,0.1
Manchester,NH,2025-11-20,48.4,27.4,37.9,5.1,0.1
Manchester,NH,2025-11-21,47.9,27.2,37.5,5.1,0.1
Manchester,NH,2025-11-22,47.5,26.9,37.2,5.2,0.2
Manchester,NH,2025-11-23,47.0,26.7,36.9,5.2,0.2
Manchester,NH,2025-11-24,46.6,26.5,36.5,5.2,0.2
Manchester,NH,2025-11-25,46.2,26.3,36.2,5.3,0.2
Manchester,NH,2025-11-26,45.8,26.0,35.9,5.3,0.2
Manchester,NH,2025-11-27,45.4,25.8,35.6,5.4,0.2
Manchester,NH,2025-11-28,44.9,25.6,35.3,5.4,0.2
Manchester,NH,2025-11-29,44.6,25.4,35.0,5.4,0.2
Manchester,NH,2025-11-30,44.2,25.2,34.7,5.5,
Burlington,VT,2025-11-01,52.4,36.7,44.6,4.4,
Burlington,VT,2025-11-02,52.0,36.4,44.2,4.4,0.0
Burlington,VT,2025-11-03,51.6,36.1,43.9,4.5,0.0
Burlington,VT,2025-11-04,51.2,35.8,43.5,4.5,0.0
Burlington,VT,2025-11-05,50.8,35.5,43.2,4.5,0.0
Burlington,VT,2025-11-06,50.4,35.2,42.8,4.6,0.0
Burlington,VT,2025-11-07,50.0,34.9,42.4,4.6,0.0
Burlington,VT,2025-11-08,49.5,34.6,42.1,4.7,0.1
Burlington,VT,2025-11-09,49.1,34.3,41.7,4.7,0.1
Burlington,VT,2025-11-10,48.7,34.0,41.4,4.7,0.1
Burlington,VT,2025-11-11,48.3,33.7,41.0,4.8,0.1
Burlington,VT,2025-11-12,47.9,33.3,40.6,4.8,0.1
Burlington,VT,2025-11-13,47.5,33.0,40.3,4.8,0.1
Burlington,VT,2025-11-14,47.1,32.7,39.9,4.9,0.1
Burlington,VT,2025-11-15,46.6,32.4,39.5,4.9,0.1
Burlington,VT,2025-11-16,46.2,32.0,39.1,5.0,0.1
Burlington,VT,2025-11-17,45.8,31.7,38.7,5.0,0.1
Burlington,VT,2025-11-18,45.4,31.4,38.4,5.0,0.1
Burlington,VT,2025-11-19,44.9,31.0,38.0,5.1,0.1
Burlington,VT,2025-11-20,44.5,30.7,37.6,5.1,0.1
Burlington,VT,2025-11-21,44.1,30.3,37.2,5.1,0.1
Burlington,VT,2025-11-22,43.7,30.0,36.8,5.2,0.2
Burlington,VT,2025-11-23,43.3,29.6,36.4,5.2,0.2
Burlington,VT,2025-11-24,42.8,29.3,36.1,5.2,0.2
Burlington,VT,2025-11-25,42.4,28.9,35.7,5.3,0.2
Burlington,VT,2025-11-26,42.0,28.6,35.3,5.3,0.2
Burlington,VT,2025-11-27,41.6,28.2,34.9,5.4,0.2
Burlington,VT,2025-11-28,41.2,27.8,34.5,5.4,0.2
Burlington,VT,2025-11-29,40.8,27.5,34.1,5.4,0.2
Burlington,VT,2025-11-30,40.4,27.1,33.7,5.5,
Boston,MA,2025-11-01,56.6,42.3,49.5,4.4,
Boston,MA,2025-11-02,56.3,42.0,49.1,4.4,0.0
Boston,MA,2025-11-03,55.9,41.7,48.8,4.5,0.0
Boston,MA,2025-11-04,55.6,41.4,48.5,4.5,0.0
Boston,MA,2025-11-05,55.2,41.1,48.2,4.5,0.0
Boston,MA,2025-11-06,54.9,40.8,47.8,4.6,0.0
Boston,MA,2025-11-07,54.5,40.5,47.5,4.6,0.0
Boston,MA,2025-11-08,54.2,40.2,47.2,4.7,0.1
Boston,MA,2025-11-09,53.8,39.9,46.8,4.7,0.1
Boston,MA,2025-11-10,53.5,39.6,46.5,4.7,0.1
Boston,MA,2025-11-11,53.1,39.3,46.2,4.8,0.1
Boston,MA,2025-11-12,52.8,38.9,45.9,4.8,0.1
Boston,MA,2025-11-13,52.4,38.6,45.5,4.8,0.1
Boston,MA,2025-11-14,52.1,38.3,45.2,4.9,0.1
Boston,MA,2025-11-15,51.7,38.0,44.9,4.9,0.1
Boston,MA,2025-11-16,51.4,37.7,44.6,5.0,0.1
Boston,MA,2025-11-17,51.0,37.4,44.2,5.0,0.1
Boston,MA,2025-11-18,50.7,37.1,43.9,5.0,0.1
Boston,MA,2025-11-19,50.4,36.8,43.6,5.1,0.1
Boston,MA,2025-11-20,50.0,36.5,43.3,5.1,0.1
Boston,MA,2025-11-21,49.7,36.2,42.9,5.1,0.1
Boston,MA,2025-11-22,49.3,35.9,42.6,5.2,0.2
Boston,MA,2025-11-23,49.0,35.6,42.3,5.2,0.2
Boston,MA,2025-11-24,48.7,35.3,42.0,5.2,0.2
Boston,MA,2025-11-25,48.3,35.0,41.7,5.3,0.2
Boston,MA,2025-11-26,48.0,34.7,41.4,5.3,0.2
Boston,MA,2025-11-27,47.7,34.4,41.1,5.4,0.2
Boston,MA,2025-11-28,47.4,34.1,40.7,5.4,0.2
Boston,MA,2025-11-29,47.0,33.9,40.4,5.4,0.2
Boston,MA,2025-11-30,46.7,33.6,40.1,5.5,
Providence,RI,2025-11-01,58.3,39.9,49.1,4.4,
Providence,RI,2025-11-02,58.0,39.6,48.8,4.4,0.0
Providence,RI,2025-11-03,57.6,39.3,48.5,4.5,0.0
Providence,RI,2025-11-04,57.3,39.0,48.2,4.5,0.0
Providence,RI,2025-11-05,57.0,38.8,47.9,4.5,0.0
Providence,RI,2025-11-06,56.6,38.5,47.5,4.6,0.0
Providence,RI,2025-11-07,56.3,38.2,47.2,4.6,0.0
Providence,RI,2025-11-08,55.9,37.9,46.9,4.7,0.1
Providence,RI,2025-11-09,55.5,37.6,46.6,4.7,0.1
Providence,RI,2025-11-10,55.2,37.3,46.3,4.7,0.1
Providence,RI,2025-11-11,54.8,37.1,45.9,4.8,0.1
Providence,RI,2025-11-12,54.5,36.8,45.6,4.8,0.1
Providence,RI,2025-11-13,54.1,36.5,45.3,4.8,0.1
Providence,RI,2025-11-14,53.7,36.2,45.0,4.9,0.1
Providence,RI,2025-11-15,53.4,35.9,44.7,4.9,0.1
Providence,RI,2025-11-16,53.0,35.7,44.3,5.0,0.1
Providence,RI,2025-11-17,52.7,35.4,44.0,5.0,0.1
Providence,RI,2025-11-18,52.3,35.1,43.7,5.0,0.1
Providence,RI,2025-11-19,51.9,34.8,43.4,5.1,0.1
Providence,RI,2025-11-20,51.6,34.5,43.1,5.1,0.1
Providence,RI,2025-11-21,51.2,34.2,42.7,5.1,0.1
Providence,RI,2025-11-22,50.9,34.0,42.4,5.2,0.2
Providence,RI,2025-11-23,50.5,33.7,42.1,5.2,0.2
Providence,RI,2025-11-24,50.1,33.4,41.8,5.2,0.2
Providence,RI,2025-11-25,49.8,33.1,41.5,5.3,0.2
Providence,RI,2025-11-26,49.4,32.8,41.1,5.3,0.2
Providence,RI,2025-11-27,49.1,32.6,40.8,5.4,0.2
Providence,RI,2025-11-28,48.7,32.3,40.5,5.4,0.2
Providence,RI,2025-11-29,48.4,32.0,40.2,5.4,0.2
Providence,RI,2025-11-30,48.1,31.7,39.9,5.5,
Hartford,CT,2025-11-01,57.3,37.3,47.3,4.4,
Hartford,CT,2025-11-02,56.9,37.0,46.9,4.4,0.0
Hartford,CT,2025-11-03,56.5,36.7,46.6,4.5,0.0
Hartford,CT,2025-11-04,56.1,36.4,46.3,4.5,0.0
Hartford,CT,2025-11-05,55.7,36.1,45.9,4.5,0.0
Hartford,CT,2025-11-06,55.4,35.8,45.6,4.6,0.0
Hartford,CT,2025-11-07,55.0,35.5,45.2,4.6,0.0
Hartford,CT,2025-11-08,54.6,35.2,44.9,4.7,0.1
Hartford,CT,2025-11-09,54.1,34.9,44.5,4.7,0.1
Hartford,CT,2025-11-10,53.7,34.6,44.2,4.7,0.1
Hartford,CT,2025-11-11,53.3,34.3,43.8,4.8,0.1
Hartford,CT,2025-11-12,52.9,34.0,43.5,4.8,0.1
Hartford,CT,2025-11-13,52.5,33.7,43.1,4.8,0.1
Hartford,CT,2025-11-14,52.1,33.4,42.8,4.9,0.1
Hartford,CT,2025-11-15,51.7,33.1,42.4,4.9,0.1
Hartford,CT,2025-11-16,51.3,32.8,42.1,5.0,0.1
Hartford,CT,2025-11-17,50.9,32.5,41.7,5.0,0.1
Hartford,CT,2025-11-18,50.5,32.3,41.4,5.0,0.1
Hartford,CT,2025-11-19,50.1,32.0,41.0,5.1,0.1
Hartford,CT,2025-11-20,49.7,31.7,40.7,5.1,0.1
Hartford,CT,2025-11-21,49.3,31.4,40.3,5.1,0.1
Hartford,CT,2025-11-22,48.8,31.1,40.0,5.2,0.2
Hartford,CT,2025-11-23,48.4,30.8,39.6,5.2,0.2
Hartford,CT,2025-11-24,48.0,30.5,39.3,5.2,0.2
Hartford,CT,2025-11-25,47.6,30.2,38.9,5.3,0.2
Hartford,CT,2025-11-26,47.2,29.9,38.6,5.3,0.2
Hartford,CT,2025-11-27,46.9,29.6,38.3,5.4,0.2
Hartford,CT,2025-11-28,46.5,29.4,37.9,5.4,0.2
Hartford,CT,2025-11-29,46.1,29.1,37.6,5.4,0.2
Hartford,CT,2025-11-30,45.7,28.8,37.2,5.5,
New York City,NY,2025-11-01,60.9,43.7,52.3,4.4,
New York City,NY,2025-11-02,60.6,43.4,52.0,4.4,0.0
New York City,NY,2025-11-03,60.2,43.1,51.7,4.5,0.0
New York City,NY,2025-11-04,59.9,42.8,51.3,4.5,0.0
New York City,NY,2025-11-05,59.5,42.5,51.0,4.5,0.0
New York City,NY,2025-11-06,59.2,42.3,50.7,4.6,0.0
New York City,NY,2025-11-07,58.8,42.0,50.4,4.6,0.0
New York City,NY,2025-11-08,58.5,41.7,50.1,4.7,0.1
New York City,NY,2025-11-09,58.1,41.4,49.8,4.7,0.1
New York City,NY,2025-11-10,57.8,41.1,49.5,4.7,0.1
New York City,NY,2025-11-11,57.4,40.9,49.1,4.8,0.1
New York City,NY,2025-11-12,57.1,40.6,48.8,4.8,0.1
New York City,NY,2025-11-13,56.7,40.4,48.5,4.8,0.1
New York City,NY,2025-11-14,56.4,40.1,48.2,4.9,0.1
New York City,NY,2025-11-15,56.0,39.8,47.9,4.9,0.1
New York City,NY,2025-11-16,55.7,39.6,47.6,5.0,0.1
New York City,NY,2025-11-17,55.3,39.3,47.3,5.0,0.1
New York City,NY,2025-11-18,55.0,39.1,47.0,5.0,0.1
New York City,NY,2025-11-19,54.7,38.8,46.7,5.1,0.1
New York City,NY,2025-11-20,54.3,38.6,46.5,5.1,0.1
New York City,NY,2025-11-21,54.0,38.3,46.2,5.1,0.1
New York City,NY,2025-11-22,53.7,38.1,45.9,5.2,0.2
New York City,NY,2025-11-23,53.3,37.9,45.6,5.2,0.2
New York City,NY,2025-11-24,53.0,37.6,45.3,5.2,0.2
New York City,NY,2025-11-25,52.7,37.4,45.0,5.3,0.2
New York City,NY,2025-11-26,52.3,37.2,44.7,5.3,0.2
New York City,NY,2025-11-27,52.0,36.9,44.5,5.4,0.2
New York City,NY,2025-11-28,51.7,36.7,44.2,5.4,0.2
New York City,NY,2025-11-29,51.4,36.4,43.9,5.4,0.2
New York City,NY,2025-11-30,51.0,36.2,43.6,5.5,
Albany,NY,2025-11-01,55.2,36.0,45.6,4.4,
Albany,NY,2025-11-02,54.8,35.7,45.2,4.4,0.0
Albany,NY,2025-11-03,54.4,35.4,44.9,4.5,0.0
Albany,NY,2025-11-04,54.0,35.1,44.5,4.5,0.0
Albany,NY,2025-11-05,53.6,34.8,44.2,4.5,0.0
Albany,NY,2025-11-06,53.2,34.5,43.8,4.6,0.0
Albany,NY,2025-11-07,52.8,34.2,43.5,4.6,0.0
Albany,NY,2025-11-08,52.4,33.9,43.1,4.7,0.1
Albany,NY,2025-11-09,52.0,33.6,42.8,4.7,0.1
Albany,NY,2025-11-10,51.6,33.3,42.4,4.7,0.1
Albany,NY,2025-11-11,51.2,33.0,42.1,4.8,0.1
Albany,NY,2025-11-12,50.7,32.7,41.7,4.8,0.1
Albany,NY,2025-11-13,50.3,32.4,41.4,4.8,0.1
Albany,NY,2025-11-14,49.9,32.1,41.0,4.9,0.1
Albany,NY,2025-11-15,49.5,31.8,40.6,4.9,0.1
Albany,NY,2025-11-16,49.1,31.5,40.3,5.0,0.1
Albany,NY,2025-11-17,48.7,31.1,39.9,5.0,0.1
Albany,NY,2025-11-18,48.3,30.8,39.6,5.0,0.1
Albany,NY,2025-11-19,47.9,30.5,39.2,5.1,0.1
Albany,NY,2025-11-20,47.5,30.2,38.8,5.1,0.1
Albany,NY,2025-11-21,47.0,29.9,38.5,5.1,0.1
Albany,NY,2025-11-22,46.6,29.6,38.1,5.2,0.2
Albany,NY,2025-11-23,46.2,29.3,37.8,5.2,0.2
Albany,NY,2025-11-24,45.8,29.0,37.4,5.2,0.2
Albany,NY,2025-11-25,45.4,28.7,37.1,5.3,0.2
Albany,NY,2025-11-26,45.0,28.4,36.7,5.3,0.2
Albany,NY,2025-11-27,44.6,28.1,36.4,5.4,0.2
Albany,NY,2025-11-28,44.2,27.8,36.0,5.4,0.2
Albany,NY,2025-11-29,43.8,27.5,35.7,5.4,0.2
Albany,NY,2025-11-30,43.4,27.2,35.3,5.5,
Buffalo,NY,2025-11-01,53.4,38.7,46.0,4.4,
Buffalo,NY,2025-11-02,53.0,38.4,45.7,4.4,0.0
Buffalo,NY,2025-11-03,52.6,38.1,45.4,4.5,0.0
Buffalo,NY,2025-11-04,52.3,37.8,45.0,4.5,0.0
Buffalo,NY,2025-11-05,51.9,37.4,44.7,4.5,0.0
Buffalo,NY,2025-11-06,51.5,37.1,44.3,4.6,0.0
Buffalo,NY,2025-11-07,51.2,36.8,44.0,4.6,0.0
Buffalo,NY,2025-11-08,50.8,36.5,43.6,4.7,0.1
Buffalo,NY,2025-11-09,50.4,36.2,43.3,4.7,0.1
Buffalo,NY,2025-11-10,50.0,35.9,42.9,4.7,0.1
Buffalo,NY,2025-11-11,49.6,35.6,42.6,4.8,0.1
Buffalo,NY,2025-11-12,49.2,35.2,42.2,4.8,0.1
Buffalo,NY,2025-11-13,48.8,34.9,41.9,4.8,0.1
Buffalo,NY,2025-11-14,48.4,34.6,41.5,4.9,0.1
Buffalo,NY,2025-11-15,48.0,34.3,41.2,4.9,0.1
Buffalo,NY,2025-11-16,47.6,34.0,40.8,5.0,0.1
Buffalo,NY,2025-11-17,47.2,33.7,40.5,5.0,0.1
Buffalo,NY,2025-11-18,46.8,33.4,40.1,5.0,0.1
Buffalo,NY,2025-11-19,46.4,33.1,39.8,5.1,0.1
Buffalo,NY,2025-11-20,46.0,32.8,39.4,5.1,0.1
Buffalo,NY,2025-11-21,45.6,32.5,39.1,5.1,0.1
Buffalo,NY,2025-11-22,45.2,32.2,38.7,5.2,0.2
Buffalo,NY,2025-11-23,44.8,31.9,38.4,5.2,0.2
Buffalo,NY,2025-11-24,44.4,31.6,38.0,5.2,0.2
Buffalo,NY,2025-11-25,44.0,31.3,37.7,5.3,0.2
Buffalo,NY,2025-11-26,43.6,31.0,37.3,5.3,0.2
Buffalo,NY,2025-11-27,43.2,30.7,37.0,5.4,0.2
Buffalo,NY,2025-11-28,42.9,30.4,36.6,5.4,0.2
Buffalo,NY,2025-11-29,42.5,30.1,36.3,5.4,0.2
Buffalo,NY,2025-11-30,42.1,29.8,36.0,5.5,
Philadelphia,PA,2025-11-01,61.2,43.2,52.2,4.4,
Philadelphia,PA,2025-11-02,60.9,42.8,51.9,4.4,0.0
Philadelphia,PA,2025-11-03,60.5,42.5,51.5,4.5,0.0
Philadelphia,PA,2025-11-04,60.1,42.2,51.2,4.5,0.0
Philadelphia,PA,2025-11-05,59.8,41.9,50.8,4.5,0.0
Philadelphia,PA,2025-11-06,59.4,41.5,50.5,4.6,0.0
Philadelphia,PA,2025-11-07,59.0,41.2,50.1,4.6,0.0
Philadelphia,PA,2025-11-08,58.7,40.9,49.8,4.7,0.1
Philadelphia,PA,2025-11-09,58.3,40.6,49.4,4.7,0.1
Philadelphia,PA,2025-11-10,57.9,40.3,49.1,4.7,0.1
Philadelphia,PA,2025-11-11,57.6,40.0,48.8,4.8,0.1
Philadelphia,PA,2025-11-12,57.2,39.7,48.4,4.8,0.1
Philadelphia,PA,2025-11-13,56.8,39.4,48.1,4.8,0.1
Philadelphia,PA,2025-11-14,56.4,39.1,47.8,4.9,0.1
Philadelphia,PA,2025-11-15,56.1,38.8,47.4,4.9,0.1
Philadelphia,PA,2025-11-16,55.7,38.5,47.1,5.0,0.1
Philadelphia,PA,2025-11-17,55.3,38.2,46.8,5.0,0.1
Philadelphia,PA,2025-11-18,55.0,38.0,46.5,5.0,0.1
Philadelphia,PA,2025-11-19,54.6,37.7,46.1,5.1,0.1
Philadelphia,PA,2025-11-20,54.2,37.4,45.8,5.1,0.1
Philadelphia,PA,2025-11-21,53.8,37.2,45.5,5.1,0.1
Philadelphia,PA,2025-11-22,53.5,36.9,45.2,5.2,0.2
Philadelphia,PA,2025-11-23,53.1,36.6,44.9,5.2,0.2
Philadelphia,PA,2025-11-24,52.8,36.4,44.6,5.2,0.2
Philadelphia,PA,2025-11-25,52.4,36.1,44.3,5.3,0.2
Philadelphia,PA,2025-11-26,52.0,35.9,44.0,5.3,0.2
Philadelphia,PA,2025-11-27,51.7,35.6,43.6,5.4,0.2
Philadelphia,PA,2025-11-28,51.3,35.4,43.3,5.4,0.2
Philadelphia,PA,2025-11-29,51.0,35.1,43.1,5.4,0.2
Philadelphia,PA,2025-11-30,50.6,34.9,42.8,5.5,
Pittsburgh,PA,2025-11-01,56.8,38.4,47.6,4.4,
Pittsburgh,PA,2025-11-02,56.4,38.1,47.2,4.4,0.0
Pittsburgh,PA,2025-11-03,56.0,37.8,46.9,4.5,0.0
Pittsburgh,PA,2025-11-04,55.6,37.5,46.5,4.5,0.0
Pittsburgh,PA,2025-11-05,55.2,37.2,46.2,4.5,0.0
Pittsburgh,PA,2025-11-06,54.7,36.9,45.8,4.6,0.0
Pittsburgh,PA,2025-11-07,54.3,36.6,45.5,4.6,0.0
Pittsburgh,PA,2025-11-08,53.9,36.3,45.1,4.7,0.1
Pittsburgh,PA,2025-11-09,53.5,36.0,44.8,4.7,0.1
Pittsburgh,PA,2025-11-10,53.1,35.8,44.4,4.7,0.1
Pittsburgh,PA,2025-11-11,52.7,35.5,44.1,4.8,0.1
Pittsburgh,PA,2025-11-12,52.3,35.2,43.7,4.8,0.1
Pittsburgh,PA,2025-11-13,51.9,34.9,43.4,4.8,0.1
Pittsburgh,PA,2025-11-14,51.5,34.6,43.1,4.9,0.1
Pittsburgh,PA,2025-11-15,51.1,34.4,42.7,4.9,0.1
Pittsburgh,PA,2025-11-16,50.6,34.1,42.4,5.0,0.1
Pittsburgh,PA,2025-11-17,50.2,33.8,42.0,5.0,0.1
Pittsburgh,PA,2025-11-18,49.8,33.5,41.7,5.0,0.1
Pittsburgh,PA,2025-11-19,49.4,33.3,41.4,5.1,0.1
Pittsburgh,PA,2025-11-20,49.0,33.0,41.0,5.1,0.1
Pittsburgh,PA,2025-11-21,48.6,32.7,40.7,5.1,0.1
Pittsburgh,PA,2025-11-22,48.2,32.5,40.4,5.2,0.2
Pittsburgh,PA,2025-11-23,47.8,32.2,40.0,5.2,0.2
Pittsburgh,PA,2025-11-24,47.5,32.0,39.7,5.2,0.2
Pittsburgh,PA,2025-11-25,47.1,31.7,39.4,5.3,0.2
Pittsburgh,PA,2025-11-26,46.7,31.5,39.1,5.3,0.2
Pittsburgh,PA,2025-11-27,46.3,31.2,38.8,5.4,0.2
Pittsburgh,PA,2025-11-28,45.9,31.0,38.5,5.4,0.2
Pittsburgh,PA,2025-11-29,45.6,30.7,38.1,5.4,0.2
Pittsburgh,PA,2025-11-30,45.2,30.5,37.8,5.5,
Newark,NJ,2025-11-01,60.2,43.3,51.7,4.4,
Newark,NJ,2025-11-02,59.8,43.0,51.4,4.4,0.0
Newark,NJ,2025-11-03,59.5,42.6,51.1,4.5,0.0
Newark,NJ,2025-11-04,59.1,42.3,50.7,4.5,0.0
Newark,NJ,2025-11-05,58.7,42.0,50.4,4.5,0.0
Newark,NJ,2025-11-06,58.4,41.7,50.0,4.6,0.0
Newark,NJ,2025-11-07,58.0,41.4,49.7,4.6,0.0
Newark,NJ,2025-11-08,57.7,41.1,49.4,4.7,0.1
Newark,NJ,2025-11-09,57.3,40.8,49.0,4.7,0.1
Newark,NJ,2025-11-10,56.9,40.5,48.7,4.7,0.1
Newark,NJ,2025-11-11,56.6,40.2,48.4,4.8,0.1
Newark,NJ,2025-11-12,56.2,39.9,48.1,4.8,0.1
Newark,NJ,2025-11-13,55.8,39.6,47.7,4.8,0.1
Newark,NJ,2025-11-14,55.5,39.3,47.4,4.9,0.1
Newark,NJ,2025-11-15,55.1,39.0,47.1,4.9,0.1
Newark,NJ,2025-11-16,54.7,38.8,46.7,5.0,0.1
Newark,NJ,2025-11-17,54.4,38.5,46.4,5.0,0.1
Newark,NJ,2025-11-18,54.0,38.2,46.1,5.0,0.1
Newark,NJ,2025-11-19,53.6,37.9,45.8,5.1,0.1
Newark,NJ,2025-11-20,53.2,37.7,45.5,5.1,0.1
Newark,NJ,2025-11-21,52.9,37.4,45.1,5.1,0.1
Newark,NJ,2025-11-22,52.5,37.1,44.8,5.2,0.2
Newark,NJ,2025-11-23,52.1,36.9,44.5,5.2,0.2
Newark,NJ,2025-11-24,51.8,36.6,44.2,5.2,0.2
Newark,NJ,2025-11-25,51.4,36.3,43.9,5.3,0.2
Newark,NJ,2025-11-26,51.0,36.1,43.6,5.3,0.2
Newark,NJ,2025-11-27,50.7,35.8,43.3,5.4,0.2
Newark,NJ,2025-11-28,50.3,35.6,42.9,5.4,0.2
Newark,NJ,2025-11-29,50.0,35.3,42.6,5.4,0.2
Newark,NJ,2025-11-30,49.6,35.1,42.3,5.5,
Wilmington,DE,2025-11-01,61.2,41.5,51.3,4.4,
Wilmington,DE,2025-11-02,60.8,41.2,51.0,4.4,0.0
Wilmington,DE,2025-11-03,60.5,40.9,50.7,4.5,0.0
Wilmington,DE,2025-11-04,60.1,40.6,50.3,4.5,0.0
Wilmington,DE,2025-11-05,59.8,40.2,50.0,4.5,0.0
Wilmington,DE,2025-11-06,59.4,40.0,49.7,4.6,0.0
Wilmington,DE,2025-11-07,59.0,39.7,49.3,4.6,0.0
Wilmington,DE,2025-11-08,58.7,39.4,49.0,4.7,0.1
Wilmington,DE,2025-11-09,58.3,39.1,48.7,4.7,0.1
Wilmington,DE,2025-11-10,57.9,38.8,48.4,4.7,0.1
Wilmington,DE,2025-11-11,57.6,38.5,48.0,4.8,0.1
Wilmington,DE,2025-11-12,57.2,38.2,47.7,4.8,0.1
Wilmington,DE,2025-11-13,56.8,38.0,47.4,4.8,0.1
Wilmington,DE,2025-11-14,56.5,37.7,47.1,4.9,0.1
Wilmington,DE,2025-11-15,56.1,37.4,46.8,4.9,0.1
Wilmington,DE,2025-11-16,55.7,37.2,46.4,5.0,0.1
Wilmington,DE,2025-11-17,55.3,36.9,46.1,5.0,0.1
Wilmington,DE,2025-11-18,55.0,36.6,45.8,5.0,0.1
Wilmington,DE,2025-11-19,54.6,36.4,45.5,5.1,0.1
Wilmington,DE,2025-11-20,54.2,36.1,45.2,5.1,0.1
Wilmington,DE,2025-11-21,53.9,35.9,44.9,5.1,0.1
Wilmington,DE,2025-11-22,53.5,35.6,44.6,5.2,0.2
Wilmington,DE,2025-11-23,53.1,35.4,44.3,5.2,0.2
Wilmington,DE,2025-11-24,52.8,35.1,43.9,5.2,0.2
Wilmington,DE,2025-11-25,52.4,34.9,43.6,5.3,0.2
Wilmington,DE,2025-11-26,52.0,34.7,43.3,5.3,0.2
Wilmington,DE,2025-11-27,51.7,34.4,43.0,5.4,0.2
Wilmington,DE,2025-11-28,51.3,34.2,42.8,5.4,0.2
Wilmington,DE,2025-11-29,51.0,33.9,42.5,5.4,0.2
Wilmington,DE,2025-11-30,50.6,33.7,42.2,5.5,
Baltimore,MD,2025-11-01,62.6,40.6,51.6,4.4,
Baltimore,MD,2025-11-02,62.2,40.3,51.2,4.4,0.0
Baltimore,MD,2025-11-03,61.9,39.9,50.9,4.5,0.0
Baltimore,MD,2025-11-04,61.5,39.6,50.6,4.5,0.0
Baltimore,MD,2025-11-05,61.2,39.3,50.3,4.5,0.0
Baltimore,MD,2025-11-06,60.8,39.0,49.9,4.6,0.0
Baltimore,MD,2025-11-07,60.4,38.7,49.6,4.6,0.0
Baltimore,MD,2025-11-08,60.1,38.5,49.3,4.7,0.1
Baltimore,MD,2025-11-09,59.7,38.2,48.9,4.7,0.1
Baltimore,MD,2025-11-10,59.3,37.9,48.6,4.7,0.1
Baltimore,MD,2025-11-11,59.0,37.6,48.3,4.8,0.1
Baltimore,MD,2025-11-12,58.6,37.3,48.0,4.8,0.1
Baltimore,MD,2025-11-13,58.2,37.1,47.6,4.8,0.1
Baltimore,MD,2025-11-14,57.9,36.8,47.3,4.9,0.1
Baltimore,MD,2025-11-15,57.5,36.5,47.0,4.9,0.1
Baltimore,MD,2025-11-16,57.1,36.3,46.7,5.0,0.1
Baltimore,MD,2025-11-17,56.7,36.0,46.4,5.0,0.1
Baltimore,MD,2025-11-18,56.4,35.7,46.1,5.0,0.1
Baltimore,MD,2025-11-19,56.0,35.5,45.7,5.1,0.1
Baltimore,MD,2025-11-20,55.6,35.2,45.4,5.1,0.1
Baltimore,MD,2025-11-21,55.2,35.0,45.1,5.1,0.1
Baltimore,MD,2025-11-22,54.9,34.7,44.8,5.2,0.2
Baltimore,MD,2025-11-23,54.5,34.5,44.5,5.2,0.2
Baltimore,MD,2025-11-24,54.1,34.2,44.2,5.2,0.2
Baltimore,MD,2025-11-25,53.8,34.0,43.9,5.3,0.2
Baltimore,MD,2025-11-26,53.4,33.8,43.6,5.3,0.2
Baltimore,MD,2025-11-27,53.1,33.5,43.3,5.4,0.2
Baltimore,MD,2025-11-28,52.7,33.3,43.0,5.4,0.2
Baltimore,MD,2025-11-29,52.4,33.1,42.7,5.4,0.2
Baltimore,MD,2025-11-30,52.0,32.8,42.4,5.5,
Richmond,VA,2025-11-01,65.4,43.0,54.2,4.4,
Richmond,VA,2025-11-02,65.0,42.7,53.9,4.4,0.0
Richmond,VA,2025-11-03,64.7,42.3,53.5,4.5,0.0
Richmond,VA,2025-11-04,64.4,42.0,53.2,4.5,0.0
Richmond,VA,2025-11-05,64.0,41.7,52.9,4.5,0.0
Richmond,VA,2025-11-06,63.7,41.4,52.5,4.6,0.0
Richmond,VA,2025-11-07,63.3,41.1,52.2,4.6,0.0
Richmond,VA,2025-11-08,63.0,40.8,51.9,4.7,0.1
Richmond,VA,2025-11-09,62.6,40.5,51.6,4.7,0.1
Richmond,VA,2025-11-10,62.3,40.2,51.2,4.7,0.1
Richmond,VA,2025-11-11,61.9,39.9,50.9,4.8,0.1
Richmond,VA,2025-11-12,61.6,39.6,50.6,4.8,0.1
Richmond,VA,2025-11-13,61.2,39.4,50.3,4.8,0.1
Richmond,VA,2025-11-14,60.9,39.1,50.0,4.9,0.1
Richmond,VA,2025-11-15,60.5,38.8,49.7,4.9,0.1
Richmond,VA,2025-11-16,60.2,38.5,49.4,5.0,0.1
Richmond,VA,2025-11-17,59.8,38.3,49.1,5.0,0.1
Richmond,VA,2025-11-18,59.5,38.0,48.7,5.0,0.1
Richmond,VA,2025-11-19,59.1,37.7,48.4,5.1,0.1
Richmond,VA,2025-11-20,58.8,37.5,48.1,5.1,0.1
Richmond,VA,2025-11-21,58.5,37.2,47.9,5.1,0.1
Richmond,VA,2025-11-22,58.1,37.0,47.6,5.2,0.2
Richmond,VA,2025-11-23,57.8,36.7,47.3,5.2,0.2
Richmond,VA,2025-11-24,57.5,36.5,47.0,5.2,0.2
Richmond,VA,2025-11-25,57.2,36.2,46.7,5.3,0.2
Richmond,VA,2025-11-26,56.8,36.0,46.4,5.3,0.2
Richmond,VA,2025-11-27,56.5,35.8,46.1,5.4,0.2
Richmond,VA,2025-11-28,56.2,35.5,45.9,5.4,0.2
Richmond,VA,2025-11-29,55.9,35.3,45.6,5.4,0.2
Richmond,VA,2025-11-30,55.6,35.1,45.3,5.5,
Charleston,WV,2025-11-01,62.9,39.4,51.1,4.4,
Charleston,WV,2025-11-02,62.5,39.1,50.8,4.4,0.0
Charleston,WV,2025-11-03,62.1,38.7,50.4,4.5,0.0
Charleston,WV,2025-11-04,61.8,38.4,50.1,4.5,0.0
Charleston,WV,2025-11-05,61.4,38.1,49.8,4.5,0.0
Charleston,WV,2025-11-06,61.0,37.9,49.4,4.6,0.0
Charleston,WV,2025-11-07,60.6,37.6,49.1,4.6,0.0
Charleston,WV,2025-11-08,60.2,37.3,48.7,4.7,0.1
Charleston,WV,2025-11-09,59.8,37.0,48.4,4.7,0.1
Charleston,WV,2025-11-10,59.4,36.7,48.1,4.7,0.1
Charleston,WV,2025-11-11,59.0,36.5,47.8,4.8,0.1
Charleston,WV,2025-11-12,58.6,36.2,47.4,4.8,0.1
Charleston,WV,2025-11-13,58.2,36.0,47.1,4.8,0.1
Charleston,WV,2025-11-14,57.8,35.7,46.8,4.9,0.1
Charleston,WV,2025-11-15,57.4,35.5,46.5,4.9,0.1
Charleston,WV,2025-11-16,57.1,35.3,46.2,5.0,0.1
Charleston,WV,2025-11-17,56.7,35.0,45.9,5.0,0.1
Charleston,WV,2025-11-18,56.3,34.8,45.6,5.0,0.1
Charleston,WV,2025-11-19,55.9,34.6,45.3,5.1,0.1
Charleston,WV,2025-11-20,55.5,34.4,45.0,5.1,0.1
Charleston,WV,2025-11-21,55.1,34.2,44.7,5.1,0.1
Charleston,WV,2025-11-22,54.7,34.0,44.4,5.2,0.2
Charleston,WV,2025-11-23,54.4,33.8,44.1,5.2,0.2
Charleston,WV,2025-11-24,54.0,33.6,43.8,5.2,0.2
Charleston,WV,2025-11-25,53.6,33.4,43.5,5.3,0.2
Charleston,WV,2025-11-26,53.3,33.3,43.3,5.3,0.2
Charleston,WV,2025-11-27,52.9,33.1,43.0,5.4,0.2
Charleston,WV,2025-11-28,52.6,32.9,42.7,5.4,0.2
Charleston,WV,2025-11-29,52.2,32.7,42.5,5.4,0.2
Charleston,WV,2025-11-30,51.9,32.6,42.2,5.5,
Charlotte,NC,2025-11-01,67.8,43.7,55.8,4.4,
Charlotte,NC,2025-11-02,67.4,43.4,55.4,4.4,0.0
Charlotte,NC,2025-11-03,67.1,43.0,55.1,4.5,0.0
Charlotte,NC,2025-11-04,66.7,42.7,54.7,4.5,0.0
Charlotte,NC,2025-11-05,66.4,42.4,54.4,4.5,0.0
Charlotte,NC,2025-11-06,66.0,42.1,54.1,4.6,0.0
Charlotte,NC,2025-11-07,65.7,41.8,53.7,4.6,0.0
Charlotte,NC,2025-11-08,65.3,41.5,53.4,4.7,0.1
Charlotte,NC,2025-11-09,65.0,41.2,53.1,4.7,0.1
Charlotte,NC,2025-11-10,64.6,40.9,52.8,4.7,0.1
Charlotte,NC,2025-11-11,64.3,40.6,52.5,4.8,0.1
Charlotte,NC,2025-11-12,64.0,40.4,52.2,4.8,0.1
Charlotte,NC,2025-11-13,63.6,40.1,51.9,4.8,0.1
Charlotte,NC,2025-11-14,63.3,39.9,51.6,4.9,0.1
Charlotte,NC,2025-11-15,63.0,39.6,51.3,4.9,0.1
Charlotte,NC,2025-11-16,62.6,39.4,51.0,5.0,0.1
Charlotte,NC,2025-11-17,62.3,39.2,50.7,5.0,0.1
Charlotte,NC,2025-11-18,62.0,39.0,50.5,5.0,0.1
Charlotte,NC,2025-11-19,61.7,38.8,50.2,5.1,0.1
Charlotte,NC,2025-11-20,61.3,38.6,50.0,5.1,0.1
Charlotte,NC,2025-11-21,61.0,38.4,49.7,5.1,0.1
Charlotte,NC,2025-11-22,60.7,38.2,49.5,5.2,0.2
Charlotte,NC,2025-11-23,60.4,38.0,49.2,5.2,0.2
Charlotte,NC,2025-11-24,60.1,37.8,49.0,5.2,0.2
Charlotte,NC,2025-11-25,59.8,37.6,48.7,5.3,0.2
Charlotte,NC,2025-11-26,59.5,37.5,48.5,5.3,0.2
Charlotte,NC,2025-11-27,59.2,37.3,48.3,5.4,0.2
Charlotte,NC,2025-11-28,59.0,37.1,48.0,5.4,0.2
Charlotte,NC,2025-11-29,58.7,37.0,47.8,5.4,0.2
Charlotte,NC,2025-11-30,58.4,36.8,47.6,5.5,
Raleigh,NC,2025-11-01,67.8,43.9,55.8,4.4,
Raleigh,NC,2025-11-02,67.4,43.5,55.5,4.4,0.0
Raleigh,NC,2025-11-03,67.1,43.2,55.2,4.5,0.0
Raleigh,NC,2025-11-04,66.8,42.9,54.8,4.5,0.0
Raleigh,NC,2025-11-05,66.4,42.6,54.5,4.5,0.0
Raleigh,NC,2025-11-06,66.1,42.3,54.2,4.6,0.0
Raleigh,NC,2025-11-07,65.8,42.0,53.9,4.6,0.0
Raleigh,NC,2025-11-08,65.4,41.7,53.6,4.7,0.1
Raleigh,NC,2025-11-09,65.1,41.4,53.3,4.7,0.1
Raleigh,NC,2025-11-10,64.8,41.2,53.0,4.7,0.1
Raleigh,NC,2025-11-11,64.4,40.9,52.7,4.8,0.1
Raleigh,NC,2025-11-12,64.1,40.6,52.4,4.8,0.1
Raleigh,NC,2025-11-13,63.8,40.4,52.1,4.8,0.1
Raleigh,NC,2025-11-14,63.4,40.1,51.8,4.9,0.1
Raleigh,NC,2025-11-15,63.1,39.9,51.5,4.9,0.1
Raleigh,NC,2025-11-16,62.8,39.7,51.2,5.0,0.1
Raleigh,NC,2025-11-17,62.5,39.4,50.9,5.0,0.1
Raleigh,NC,2025-11-18,62.1,39.2,50.7,5.0,0.1
Raleigh,NC,2025-11-19,61.8,39.0,50.4,5.1,0.1
Raleigh,NC,2025-11-20,61.5,38.8,50.1,5.1,0.1
Raleigh,NC,2025-11-21,61.2,38.6,49.9,5.1,0.1
Raleigh,NC,2025-11-22,60.9,38.4,49.6,5.2,0.2
Raleigh,NC,2025-11-23,60.5,38.2,49.4,5.2,0.2
Raleigh,NC,2025-11-24,60.2,38.0,49.1,5.2,0.2
Raleigh,NC,2025-11-25,59.9,37.8,48.9,5.3,0.2
Raleigh,NC,2025-11-26,59.6,37.6,48.6,5.3,0.2
Raleigh,NC,2025-11-27,59.3,37.4,48.4,5.4,0.2
Raleigh,NC,2025-11-28,59.0,37.2,48.1,5.4,0.2
Raleigh,NC,2025-11-29,58.7,37.1,47.9,5.4,0.2
Raleigh,NC,2025-11-30,58.4,36.9,47.7,5.5,
Columbia,SC,2025-11-01,71.1,45.7,58.4,4.4,
Columbia,SC,2025-11-02,70.8,45.3,58.0,4.4,0.0
Columbia,SC,2025-11-03,70.4,45.0,57.7,4.5,0.0
Columbia,SC,2025-11-04,70.1,44.6,57.3,4.5,0.0
Columbia,SC,2025-11-05,69.7,44.3,57.0,4.5,0.0
Columbia,SC,2025-11-06,69.4,43.9,56.7,4.6,0.0
Columbia,SC,2025-11-07,69.1,43.6,56.4,4.6,0.0
Columbia,SC,2025-11-08,68.7,43.3,56.0,4.7,0.1
Columbia,SC,2025-11-09,68.4,43.0,55.7,4.7,0.1
Columbia,SC,2025-11-10,68.1,42.7,55.4,4.7,0.1
Columbia,SC,2025-11-11,67.8,42.5,55.1,4.8,0.1
Columbia,SC,2025-11-12,67.4,42.2,54.8,4.8,0.1
Columbia,SC,2025-11-13,67.1,41.9,54.5,4.8,0.1
Columbia,SC,2025-11-14,66.8,41.7,54.2,4.9,0.1
Columbia,SC,2025-11-15,66.5,41.4,53.9,4.9,0.1
Columbia,SC,2025-11-16,66.1,41.2,53.7,5.0,0.1
Columbia,SC,2025-11-17,65.8,41.0,53.4,5.0,0.1
Columbia,SC,2025-11-18,65.5,40.7,53.1,5.0,0.1
Columbia,SC,2025-11-19,65.2,40.5,52.9,5.1,0.1
Columbia,SC,2025-11-20,64.9,40.3,52.6,5.1,0.1
Columbia,SC,2025-11-21,64.6,40.1,52.4,5.1,0.1
Columbia,SC,2025-11-22,64.3,39.9,52.1,5.2,0.2
Columbia,SC,2025-11-23,64.0,39.7,51.9,5.2,0.2
Columbia,SC,2025-11-24,63.7,39.6,51.6,5.2,0.2
Columbia,SC,2025-11-25,63.4,39.4,51.4,5.3,0.2
Columbia,SC,2025-11-26,63.1,39.2,51.2,5.3,0.2
Columbia,SC,2025-11-27,62.9,39.0,51.0,5.4,0.2
Columbia,SC,2025-11-28,62.6,38.9,50.7,5.4,0.2
Columbia,SC,2025-11-29,62.3,38.7,50.5,5.4,0.2
Columbia,SC,2025-11-30,62.1,38.6,50.3,5.5,
Atlanta,GA,2025-11-01,68.8,48.5,58.7,4.4,
Atlanta,GA,2025-11-02,68.5,48.2,58.3,4.4,0.0
Atlanta,GA,2025-11-03,68.1,47.8,58.0,4.5,0.0
Atlanta,GA,2025-11-04,67.8,47.5,57.6,4.5,0.0
Atlanta,GA,2025-11-05,67.4,47.1,57.3,4.5,0.0
Atlanta,GA,2025-11-06,67.1,46.8,56.9,4.6,0.0
Atlanta,GA,2025-11-07,66.8,46.4,56.6,4.6,0.0
Atlanta,GA,2025-11-08,66.4,46.1,56.3,4.7,0.1
Atlanta,GA,2025-11-09,66.1,45.8,56.0,4.7,0.1
Atlanta,GA,2025-11-10,65.8,45.5,55.6,4.7,0.1
Atlanta,GA,2025-11-11,65.5,45.2,55.3,4.8,0.1
Atlanta,GA,2025-11-12,65.1,44.9,55.0,4.8,0.1
Atlanta,GA,2025-11-13,64.8,44.6,54.7,4.8,0.1
Atlanta,GA,2025-11-14,64.5,44.3,54.4,4.9,0.1
Atlanta,GA,2025-11-15,64.2,44.1,54.1,4.9,0.1
Atlanta,GA,2025-11-16,63.9,43.8,53.8,5.0,0.1
Atlanta,GA,2025-11-17,63.5,43.5,53.5,5.0,0.1
Atlanta,GA,2025-11-18,63.2,43.3,53.3,5.0,0.1
Atlanta,GA,2025-11-19,62.9,43.1,53.0,5.1,0.1
Atlanta,GA,2025-11-20,62.6,42.8,52.7,5.1,0.1
Atlanta,GA,2025-11-21,62.3,42.6,52.5,5.1,0.1
Atlanta,GA,2025-11-22,62.0,42.4,52.2,5.2,0.2
Atlanta,GA,2025-11-23,61.7,42.2,51.9,5.2,0.2
Atlanta,GA,2025-11-24,61.4,41.9,51.7,5.2,0.2
Atlanta,GA,2025-11-25,61.1,41.7,51.4,5.3,0.2
Atlanta,GA,2025-11-26,60.8,41.5,51.2,5.3,0.2
Atlanta,GA,2025-11-27,60.5,41.4,50.9,5.4,0.2
Atlanta,GA,2025-11-28,60.3,41.2,50.7,5.4,0.2
Atlanta,GA,2025-11-29,60.0,41.0,50.5,5.4,0.2
Atlanta,GA,2025-11-30,59.7,40.8,50.3,5.5,
Miami,FL,2025-11-01,83.0,69.4,76.2,4.4,
Miami,FL,2025-11-02,82.9,69.2,76.0,4.4,0.0
Miami,FL,2025-11-03,82.7,68.9,75.8,4.5,0.0
Miami,FL,2025-11-04,82.5,68.7,75.6,4.5,0.0
Miami,FL,2025-11-05,82.3,68.5,75.4,4.5,0.0
Miami,FL,2025-11-06,82.2,68.3,75.2,4.6,0.0
Miami,FL,2025-11-07,82.0,68.1,75.0,4.6,0.0
Miami,FL,2025-11-08,81.9,67.9,74.9,4.7,0.1
Miami,FL,2025-11-09,81.7,67.7,74.7,4.7,0.1
Miami,FL,2025-11-10,81.5,67.5,74.5,4.7,0.1
Miami,FL,2025-11-11,81.4,67.3,74.3,4.8,0.1
Miami,FL,2025-11-12,81.2,67.1,74.2,4.8,0.1
Miami,FL,2025-11-13,81.1,66.9,74.0,4.8,0.1
Miami,FL,2025-11-14,81.0,66.8,73.9,4.9,0.1
Miami,FL,2025-11-15,80.8,66.6,73.7,4.9,0.1
Miami,FL,2025-11-16,80.7,66.5,73.6,5.0,0.1
Miami,FL,2025-11-17,80.6,66.4,73.5,5.0,0.1
Miami,FL,2025-11-18,80.5,66.2,73.3,5.0,0.1
Miami,FL,2025-11-19,80.3,66.1,73.2,5.1,0.1
Miami,FL,2025-11-20,80.2,66.0,73.1,5.1,0.1
Miami,FL,2025-11-21,80.1,65.9,73.0,5.1,0.1
Miami,FL,2025-11-22,80.0,65.8,72.9,5.2,0.2
Miami,FL,2025-11-23,79.9,65.7,72.8,5.2,0.2
Miami,FL,2025-11-24,79.8,65.6,72.7,5.2,0.2
Miami,FL,2025-11-25,79.7,65.5,72.6,5.3,0.2
Miami,FL,2025-11-26,79.6,65.4,72.5,5.3,0.2
Miami,FL,2025-11-27,79.5,65.3,72.4,5.4,0.2
Miami,FL,2025-11-28,79.4,65.2,72.3,5.4,0.2
Miami,FL,2025-11-29,79.3,65.1,72.2,5.4,0.2
Miami,FL,2025-11-30,79.2,65.0,72.1,5.5,
Orlando,FL,2025-11-01,81.1,61.4,71.2,4.4,
Orlando,FL,2025-11-02,80.8,61.1,71.0,4.4,0.0
Orlando,FL,2025-11-03,80.6,60.9,70.7,4.5,0.0
Orlando,FL,2025-11-04,80.4,60.6,70.5,4.5,0.0
Orlando,FL,2025-11-05,80.2,60.3,70.3,4.5,0.0
Orlando,FL,2025-11-06,80.0,60.1,70.0,4.6,0.0
Orlando,FL,2025-11-07,79.8,59.8,69.8,4.6,0.0
Orlando,FL,2025-11-08,79.6,59.6,69.6,4.7,0.1
Orlando,FL,2025-11-09,79.4,59.4,69.4,4.7,0.1
Orlando,FL,2025-11-10,79.2,59.1,69.2,4.7,0.1
Orlando,FL,2025-11-11,79.0,58.9,69.0,4.8,0.1
Orlando,FL,2025-11-12,78.8,58.7,68.8,4.8,0.1
Orlando,FL,2025-11-13,78.6,58.5,68.6,4.8,0.1
Orlando,FL,2025-11-14,78.4,58.3,68.4,4.9,0.1
Orlando,FL,2025-11-15,78.3,58.1,68.2,4.9,0.1
Orlando,FL,2025-11-16,78.1,57.9,68.0,5.0,0.1
Orlando,FL,2025-11-17,77.9,57.7,67.8,5.0,0.1
Orlando,FL,2025-11-18,77.8,57.5,67.7,5.0,0.1
Orlando,FL,2025-11-19,77.6,57.4,67.5,5.1,0.1
Orlando,FL,2025-11-20,77.4,57.2,67.3,5.1,0.1
Orlando,FL,2025-11-21,77.3,57.0,67.2,5.1,0.1
Orlando,FL,2025-11-22,77.1,56.9,67.0,5.2,0.2
Orlando,FL,2025-11-23,77.0,56.7,66.8,5.2,0.2
Orlando,FL,2025-11-24,76.8,56.6,66.7,5.2,0.2
Orlando,FL,2025-11-25,76.7,56.4,66.5,5.3,0.2
Orlando,FL,2025-11-26,76.5,56.3,66.4,5.3,0.2
Orlando,FL,2025-11-27,76.4,56.1,66.2,5.4,0.2
Orlando,FL,2025-11-28,76.2,56.0,66.1,5.4,0.2
Orlando,FL,2025-11-29,76.1,55.8,66.0,5.4,0.2
Orlando,FL,2025-11-30,76.0,55.7,65.8,5.5,
Columbus,OH,2025-11-01,58.5,39.3,48.9,4.4,
Columbus,OH,2025-11-02,58.1,38.9,48.5,4.4,0.0
Columbus,OH,2025-11-03,57.7,38.6,48.1,4.5,0.0
Columbus,OH,2025-11-04,57.2,38.3,47.8,4.5,0.0
Columbus,OH,2025-11-05,56.8,38.0,47.4,4.5,0.0
Columbus,OH,2025-11-06,56.4,37.7,47.0,4.6,0.0
Columbus,OH,2025-11-07,55.9,37.4,46.7,4.6,0.0
Columbus,OH,2025-11-08,55.5,37.1,46.3,4.7,0.1
Columbus,OH,2025-11-09,55.0,36.8,45.9,4.7,0.1
Columbus,OH,2025-11-10,54.6,36.5,45.5,4.7,0.1
Columbus,OH,2025-11-11,54.2,36.2,45.2,4.8,0.1
Columbus,OH,2025-11-12,53.7,35.9,44.8,4.8,0.1
Columbus,OH,2025-11-13,53.3,35.6,44.5,4.8,0.1
Columbus,OH,2025-11-14,52.9,35.3,44.1,4.9,0.1
Columbus,OH,2025-11-15,52.4,35.0,43.7,4.9,0.1
Columbus,OH,2025-11-16,52.0,34.8,43.4,5.0,0.1
Columbus,OH,2025-11-17,51.6,34.5,43.0,5.0,0.1
Columbus,OH,2025-11-18,51.2,34.2,42.7,5.0,0.1
Columbus,OH,2025-11-19,50.7,33.9,42.3,5.1,0.1
Columbus,OH,2025-11-20,50.3,33.7,42.0,5.1,0.1
Columbus,OH,2025-11-21,49.9,33.4,41.6,5.1,0.1
Columbus,OH,2025-11-22,49.5,33.1,41.3,5.2,0.2
Columbus,OH,2025-11-23,49.1,32.9,41.0,5.2,0.2
Columbus,OH,2025-11-24,48.7,32.6,40.6,5.2,0.2
Columbus,OH,2025-11-25,48.3,32.3,40.3,5.3,0.2
Columbus,OH,2025-11-26,47.9,32.1,40.0,5.3,0.2
Columbus,OH,2025-11-27,47.5,31.8,39.7,5.4,0.2
Columbus,OH,2025-11-28,47.1,31.6,39.3,5.4,0.2
Columbus,OH,2025-11-29,46.7,31.3,39.0,5.4,0.2
Columbus,OH,2025-11-30,46.4,31.1,38.7,5.5,
Cleveland,OH,2025-11-01,57.3,41.2,49.2,4.4,
Cleveland,OH,2025-11-02,56.9,40.9,48.9,4.4,0.0
Cleveland,OH,2025-11-03,56.5,40.6,48.5,4.5,0.0
Cleveland,OH,2025-11-04,56.0,40.3,48.2,4.5,0.0
Cleveland,OH,2025-11-05,55.6,40.0,47.8,4.5,0.0
Cleveland,OH,2025-11-06,55.2,39.6,47.4,4.6,0.0
Cleveland,OH,2025-11-07,54.8,39.3,47.1,4.6,0.0
Cleveland,OH,2025-11-08,54.4,39.0,46.7,4.7,0.1
Cleveland,OH,2025-11-09,54.0,38.7,46.3,4.7,0.1
Cleveland,OH,2025-11-10,53.6,38.4,46.0,4.7,0.1
Cleveland,OH,2025-11-11,53.2,38.1,45.6,4.8,0.1
Cleveland,OH,2025-11-12,52.7,37.7,45.2,4.8,0.1
Cleveland,OH,2025-11-13,52.3,37.4,44.9,4.8,0.1
Cleveland,OH,2025-11-14,51.9,37.1,44.5,4.9,0.1
Cleveland,OH,2025-11-15,51.5,36.8,44.1,4.9,0.1
Cleveland,OH,2025-11-16,51.1,36.5,43.8,5.0,0.1
Cleveland,OH,2025-11-17,50.7,36.2,43.4,5.0,0.1
Cleveland,OH,2025-11-18,50.2,35.9,43.1,5.0,0.1
Cleveland,OH,2025-11-19,49.8,35.6,42.7,5.1,0.1
Cleveland,OH,2025-11-20,49.4,35.3,42.3,5.1,0.1
Cleveland,OH,2025-11-21,49.0,35.0,42.0,5.1,0.1
Cleveland,OH,2025-11-22,48.6,34.7,41.6,5.2,0.2
Cleveland,OH,2025-11-23,48.2,34.4,41.3,5.2,0.2
Cleveland,OH,2025-11-24,47.8,34.1,40.9,5.2,0.2
Cleveland,OH,2025-11-25,47.4,33.8,40.6,5.3,0.2
Cleveland,OH,2025-11-26,47.0,33.5,40.2,5.3,0.2
Cleveland,OH,2025-11-27,46.6,33.2,39.9,5.4,0.2
Cleveland,OH,2025-11-28,46.2,32.9,39.6,5.4,0.2
Cleveland,OH,2025-11-29,45.8,32.6,39.2,5.4,0.2
Cleveland,OH,2025-11-30,45.4,32.4,38.9,5.5,
Detroit,MI,2025-11-01,55.1,38.6,46.8,4.4,
Detroit,MI,2025-11-02,54.6,38.2,46.4,4.4,0.0
Detroit,MI,2025-11-03,54.2,37.9,46.1,4.5,0.0
Detroit,MI,2025-11-04,53.8,37.6,45.7,4.5,0.0
Detroit,MI,2025-11-05,53.3,37.3,45.3,4.5,0.0
Detroit,MI,2025-11-06,52.9,36.9,44.9,4.6,0.0
Detroit,MI,2025-11-07,52.4,36.6,44.5,4.6,0.0
Detroit,MI,2025-11-08,52.0,36.3,44.1,4.7,0.1
Detroit,MI,2025-11-09,51.5,35.9,43.7,4.7,0.1
Detroit,MI,2025-11-10,51.1,35.6,43.3,4.7,0.1
Detroit,MI,2025-11-11,50.6,35.3,42.9,4.8,0.1
Detroit,MI,2025-11-12,50.2,35.0,42.6,4.8,0.1
Detroit,MI,2025-11-13,49.7,34.6,42.2,4.8,0.1
Detroit,MI,2025-11-14,49.2,34.3,41.8,4.9,0.1
Detroit,MI,2025-11-15,48.8,34.0,41.4,4.9,0.1
Detroit,MI,2025-11-16,48.3,33.7,41.0,5.0,0.1
Detroit,MI,2025-11-17,47.9,33.4,40.6,5.0,0.1
Detroit,MI,2025-11-18,47.4,33.0,40.2,5.0,0.1
Detroit,MI,2025-11-19,47.0,32.7,39.9,5.1,0.1
Detroit,MI,2025-11-20,46.5,32.4,39.5,5.1,0.1
Detroit,MI,2025-11-21,46.1,32.1,39.1,5.1,0.1
Detroit,MI,2025-11-22,45.6,31.8,38.7,5.2,0.2
Detroit,MI,2025-11-23,45.2,31.5,38.4,5.2,0.2
Detroit,MI,2025-11-24,44.8,31.2,38.0,5.2,0.2
Detroit,MI,2025-11-25,44.3,30.9,37.6,5.3,0.2
Detroit,MI,2025-11-26,43.9,30.6,37.3,5.3,0.2
Detroit,MI,2025-11-27,43.5,30.3,36.9,5.4,0.2
Detroit,MI,2025-11-28,43.1,30.0,36.6,5.4,0.2
Detroit,MI,2025-11-29,42.7,29.7,36.2,5.4,0.2
Detroit,MI,2025-11-30,42.3,29.5,35.9,5.5,
Indianapolis,IN,2025-11-01,58.4,39.8,49.1,4.4,
Indianapolis,IN,2025-11-02,57.9,39.4,48.7,4.4,0.0
Indianapolis,IN,2025-11-03,57.5,39.1,48.3,4.5,0.0
Indianapolis,IN,2025-11-04,57.0,38.7,47.9,4.5,0.0
Indianapolis,IN,2025-11-05,56.6,38.4,47.5,4.5,0.0
Indianapolis,IN,2025-11-06,56.1,38.1,47.1,4.6,0.0
Indianapolis,IN,2025-11-07,55.6,37.7,46.7,4.6,0.0
Indianapolis,IN,2025-11-08,55.2,37.4,46.3,4.7,0.1
Indianapolis,IN,2025-11-09,54.7,37.0,45.9,4.7,0.1
Indianapolis,IN,2025-11-10,54.3,36.7,45.5,4.7,0.1
Indianapolis,IN,2025-11-11,53.8,36.3,45.1,4.8,0.1
Indianapolis,IN,2025-11-12,53.3,36.0,44.7,4.8,0.1
Indianapolis,IN,2025-11-13,52.9,35.7,44.3,4.8,0.1
Indianapolis,IN,2025-11-14,52.4,35.3,43.9,4.9,0.1
Indianapolis,IN,2025-11-15,52.0,35.0,43.5,4.9,0.1
Indianapolis,IN,2025-11-16,51.5,34.7,43.1,5.0,0.1
Indianapolis,IN,2025-11-17,51.0,34.3,42.7,5.0,0.1
Indianapolis,IN,2025-11-18,50.6,34.0,42.3,5.0,0.1
Indianapolis,IN,2025-11-19,50.1,33.7,41.9,5.1,0.1
Indianapolis,IN,2025-11-20,49.7,33.3,41.5,5.1,0.1
Indianapolis,IN,2025-11-21,49.3,33.0,41.1,5.1,0.1
Indianapolis,IN,2025-11-22,48.8,32.7,40.8,5.2,0.2
Indianapolis,IN,2025-11-23,48.4,32.4,40.4,5.2,0.2
Indianapolis,IN,2025-11-24,48.0,32.1,40.0,5.2,0.2
Indianapolis,IN,2025-11-25,47.5,31.8,39.7,5.3,0.2
Indianapolis,IN,2025-11-26,47.1,31.5,39.3,5.3,0.2
Indianapolis,IN,2025-11-27,46.7,31.2,38.9,5.4,0.2
Indianapolis,IN,2025-11-28,46.3,30.9,38.6,5.4,0.2
Indianapolis,IN,2025-11-29,45.9,30.6,38.2,5.4,0.2
Indianapolis,IN,2025-11-30,45.5,30.3,37.9,5.5,
Louisville,KY,2025-11-01,63.8,44.1,54.0,4.4,
Louisville,KY,2025-11-02,63.3,43.8,53.6,4.4,0.0
Louisville,KY,2025-11-03,62.9,43.4,53.2,4.5,0.0
Louisville,KY,2025-11-04,62.5,43.1,52.8,4.5,0.0
Louisville,KY,2025-11-05,62.0,42.7,52.4,4.5,0.0
Louisville,KY,2025-11-06,61.6,42.4,52.0,4.6,0.0
Louisville,KY,2025-11-07,61.2,42.0,51.6,4.6,0.0
Louisville,KY,2025-11-08,60.7,41.7,51.2,4.7,0.1
Louisville,KY,2025-11-09,60.3,41.3,50.8,4.7,0.1
Louisville,KY,2025-11-10,59.9,41.0,50.4,4.7,0.1
Louisville,KY,2025-11-11,59.4,40.7,50.0,4.8,0.1
Louisville,KY,2025-11-12,59.0,40.3,49.7,4.8,0.1
Louisville,KY,2025-11-13,58.6,40.0,49.3,4.8,0.1
Louisville,KY,2025-11-14,58.1,39.7,48.9,4.9,0.1
Louisville,KY,2025-11-15,57.7,39.4,48.5,4.9,0.1
Louisville,KY,2025-11-16,57.3,39.1,48.2,5.0,0.1
Louisville,KY,2025-11-17,56.9,38.8,47.8,5.0,0.1
Louisville,KY,2025-11-18,56.5,38.5,47.5,5.0,0.1
Louisville,KY,2025-11-19,56.0,38.2,47.1,5.1,0.1
Louisville,KY,2025-11-20,55.6,37.9,46.8,5.1,0.1
Louisville,KY,2025-11-21,55.2,37.6,46.4,5.1,0.1
Louisville,KY,2025-11-22,54.8,37.3,46.1,5.2,0.2
Louisville,KY,2025-11-23,54.4,37.0,45.7,5.2,0.2
Louisville,KY,2025-11-24,54.0,36.8,45.4,5.2,0.2
Louisville,KY,2025-11-25,53.7,36.5,45.1,5.3,0.2
Louisville,KY,2025-11-26,53.3,36.3,44.8,5.3,0.2
Louisville,KY,2025-11-27,52.9,36.0,44.4,5.4,0.2
Louisville,KY,2025-11-28,52.5,35.8,44.1,5.4,0.2
Louisville,KY,2025-11-29,52.2,35.5,43.8,5.4,0.2
Louisville,KY,2025-11-30,51.8,35.3,43.5,5.5,
Nashville,TN,2025-11-01,67.1,43.6,55.4,4.4,
Nashville,TN,2025-11-02,66.7,43.3,55.0,4.4,0.0
Nashville,TN,2025-11-03,66.3,42.9,54.6,4.5,0.0
Nashville,TN,2025-11-04,65.9,42.6,54.2,4.5,0.0
Nashville,TN,2025-11-05,65.4,42.2,53.8,4.5,0.0
Nashville,TN,2025-11-06,65.0,41.9,53.5,4.6,0.0
Nashville,TN,2025-11-07,64.6,41.5,53.1,4.6,0.0
Nashville,TN,2025-11-08,64.2,41.2,52.7,4.7,0.1
Nashville,TN,2025-11-09,63.8,40.9,52.4,4.7,0.1
Nashville,TN,2025-11-10,63.4,40.6,52.0,4.7,0.1
Nashville,TN,2025-11-11,63.0,40.3,51.6,4.8,0.1
Nashville,TN,2025-11-12,62.6,40.0,51.3,4.8,0.1
Nashville,TN,2025-11-13,62.2,39.7,50.9,4.8,0.1
Nashville,TN,2025-11-14,61.8,39.4,50.6,4.9,0.1
Nashville,TN,2025-11-15,61.5,39.1,50.3,4.9,0.1
Nashville,TN,2025-11-16,61.1,38.8,49.9,5.0,0.1
Nashville,TN,2025-11-17,60.7,38.5,49.6,5.0,0.1
Nashville,TN,2025-11-18,60.3,38.3,49.3,5.0,0.1
Nashville,TN,2025-11-19,59.9,38.0,49.0,5.1,0.1
Nashville,TN,2025-11-20,59.6,37.8,48.7,5.1,0.1
Nashville,TN,2025-11-21,59.2,37.5,48.4,5.1,0.1
Nashville,TN,2025-11-22,58.9,37.3,48.1,5.2,0.2
Nashville,TN,2025-11-23,58.5,37.1,47.8,5.2,0.2
Nashville,TN,2025-11-24,58.2,36.8,47.5,5.2,0.2
Nashville,TN,2025-11-25,57.8,36.6,47.2,5.3,0.2
Nashville,TN,2025-11-26,57.5,36.4,47.0,5.3,0.2
Nashville,TN,2025-11-27,57.2,36.2,46.7,5.4,0.2
Nashville,TN,2025-11-28,56.8,36.0,46.4,5.4,0.2
Nashville,TN,2025-11-29,56.5,35.8,46.2,5.4,0.2
Nashville,TN,2025-11-30,56.2,35.7,45.9,5.5,
Memphis,TN,2025-11-01,68.4,47.6,58.0,4.4,
Memphis,TN,2025-11-02,67.9,47.2,57.6,4.4,0.0
Memphis,TN,2025-11-03,67.5,46.8,57.2,4.5,0.0
Memphis,TN,2025-11-04,67.1,46.5,56.8,4.5,0.0
Memphis,TN,2025-11-05,66.7,46.1,56.4,4.5,0.0
Memphis,TN,2025-11-06,66.3,45.8,56.0,4.6,0.0
Memphis,TN,2025-11-07,65.9,45.4,55.6,4.6,0.0
Memphis,TN,2025-11-08,65.4,45.1,55.3,4.7,0.1
Memphis,TN,2025-11-09,65.0,44.7,54.9,4.7,0.1
Memphis,TN,2025-11-10,64.6,44.4,54.5,4.7,0.1
Memphis,TN,2025-11-11,64.2,44.1,54.1,4.8,0.1
Memphis,TN,2025-11-12,63.8,43.8,53.8,4.8,0.1
Memphis,TN,2025-11-13,63.4,43.4,53.4,4.8,0.1
Memphis,TN,2025-11-14,63.0,43.1,53.1,4.9,0.1
Memphis,TN,2025-11-15,62.6,42.8,52.7,4.9,0.1
Memphis,TN,2025-11-16,62.3,42.5,52.4,5.0,0.1
Memphis,TN,2025-11-17,61.9,42.2,52.1,5.0,0.1
Memphis,TN,2025-11-18,61.5,42.0,51.7,5.0,0.1
Memphis,TN,2025-11-19,61.1,41.7,51.4,5.1,0.1
Memphis,TN,2025-11-20,60.8,41.4,51.1,5.1,0.1
Memphis,TN,2025-11-21,60.4,41.1,50.8,5.1,0.1
Memphis,TN,2025-11-22,60.0,40.9,50.5,5.2,0.2
Memphis,TN,2025-11-23,59.7,40.6,50.2,5.2,0.2
Memphis,TN,2025-11-24,59.3,40.4,49.9,5.2,0.2
Memphis,TN,2025-11-25,59.0,40.1,49.6,5.3,0.2
Memphis,TN,2025-11-26,58.7,39.9,49.3,5.3,0.2
Memphis,TN,2025-11-27,58.3,39.7,49.0,5.4,0.2
Memphis,TN,2025-11-28,58.0,39.4,48.7,5.4,0.2
Memphis,TN,2025-11-29,57.7,39.2,48.4,5.4,0.2
Memphis,TN,2025-11-30,57.4,39.0,48.2,5.5,
