city_id,city,state,station,date,condition,risk_factor,temp_f,dewpoint_f,humidity_pct,pressure_in
0,Portland,ME,KPWM,2025-11-01,Fair,1,46,33,61,29.16
0,Portland,ME,KPWM,2025-11-02,Fair,1,37,28,70,29.97
0,Portland,ME,KPWM,2025-11-03,Fair,1,28,26,92,30.18
0,Portland,ME,KPWM,2025-11-04,Fair,1,44,41,89,29.49
0,Portland,ME,KPWM,2025-11-05,Fair,1,41,28,60,29.93
0,Portland,ME,KPWM,2025-11-06,Cloudy,1,42,41,96,29.33
0,Portland,ME,KPWM,2025-11-07,Fair,1,33,22,64,29.95
0,Portland,ME,KPWM,2025-11-08,Cloudy,1,52,47,83,29.51
0,Portland,ME,KPWM,2025-11-09,Mostly Cloudy,1,37,29,73,29.91
0,Portland,ME,KPWM,2025-11-10,Cloudy,1,51,51,100,29.71
0,Portland,ME,KPWM,2025-11-11,Fair,1,38,36,93,29.32
0,Portland,ME,KPWM,2025-11-12,Fair,1,33,23,66,29.6
0,Portland,ME,KPWM,2025-11-13,Cloudy,1,35,31,85,29.57
0,Portland,ME,KPWM,2025-11-14,Cloudy,1,33,32,96,29.78
0,Portland,ME,KPWM,2025-11-15,Fair,1,31,24,76,29.76
0,Portland,ME,KPWM,2025-11-16,Fair,1,41,41,100,28.97
0,Portland,ME,KPWM,2025-11-17,Partly Cloudy,1,31,22,69,29.18
0,Portland,ME,KPWM,2025-11-18,Fair,1,33,24,70,29.72
0,Portland,ME,KPWM,2025-11-19,Fair,1,23,21,92,30.03
0,Portland,ME,KPWM,2025-11-20,Fair,1,23,21,92,30.17
0,Portland,ME,KPWM,2025-11-21,Fair,1,24,23,96,30.05
0,Portland,ME,KPWM,2025-11-22,Fair,1,37,35,93,29.77
0,Portland,ME,KPWM,2025-11-23,Fair,1,23,19,85,29.89
0,Portland,ME,KPWM,2025-11-24,Mostly Cloudy,1,28,27,96,29.84
0,Portland,ME,KPWM,2025-11-25,Cloudy,1,33,28,82,30.16
0,Portland,ME,KPWM,2025-11-26,Light Rain,5,48,48,100,29.85
0,Portland,ME,KPWM,2025-11-27,Mist,1,47,47,100,29.49
0,Portland,ME,KPWM,2025-11-28,Fair,1,34,23,64,29.63
0,Portland,ME,KPWM,2025-11-29,Partly Cloudy,1,30,14,51,29.89
0,Portland,ME,KPWM,2025-11-30,Fair,1,21,18,88,30.43
1,Manchester,NH,KMHT,2025-11-01,Mostly Cloudy / Windy,1,46,31,56,29.12
1,Manchester,NH,KMHT,2025-11-02,Fair,1,38,26,62,29.84
1,Manchester,NH,KMHT,2025-11-03,Fair,1,31,28,89,30.0
1,Manchester,NH,KMHT,2025-11-04,Fair,1,44,36,73,29.4
1,Manchester,NH,KMHT,2025-11-05,Fair,1,32,27,82,29.79
1,Manchester,NH,KMHT,2025-11-06,Cloudy / Windy,1,45,37,74,29.23
1,Manchester,NH,KMHT,2025-11-07,Fair,1,29,22,75,29.82
1,Manchester,NH,KMHT,2025-11-08,Cloudy,1,54,46,75,29.34
1,Manchester,NH,KMHT,2025-11-09,Cloudy,1,42,32,67,29.7
1,Manchester,NH,KMHT,2025-11-10,Light Drizzle,5,47,46,97,29.46
1,Manchester,NH,KMHT,2025-11-11,Cloudy,1,36,29,76,29.25
1,Manchester,NH,KMHT,2025-11-12,Mostly Cloudy,1,33,20,59,29.48
1,Manchester,NH,KMHT,2025-11-13,Mostly Cloudy,1,41,32,70,29.41
1,Manchester,NH,KMHT,2025-11-14,Fair,1,35,26,70,29.64
1,Manchester,NH,KMHT,2025-11-15,Partly Cloudy,1,32,26,79,29.6
1,Manchester,NH,KMHT,2025-11-16,Cloudy,1,36,34,93,28.95
1,Manchester,NH,KMHT,2025-11-17,Fair,1,33,17,52,29.07
1,Manchester,NH,KMHT,2025-11-18,Fair,1,33,21,61,29.6
1,Manchester,NH,KMHT,2025-11-19,Fair,1,24,20,84,29.86
1,Manchester,NH,KMHT,2025-11-20,Mostly Cloudy,1,22,18,85,29.98
1,Manchester,NH,KMHT,2025-11-21,Partly Cloudy,1,22,19,89,29.87
1,Manchester,NH,KMHT,2025-11-22,Mostly Cloudy,1,37,35,93,29.61
1,Manchester,NH,KMHT,2025-11-23,Fair,1,25,19,78,29.72
1,Manchester,NH,KMHT,2025-11-24,Mist,1,27,26,96,29.66
1,Manchester,NH,KMHT,2025-11-25,Mostly Cloudy,1,27,25,92,29.98
1,Manchester,NH,KMHT,2025-11-26,Light Rain,5,47,46,97,29.63
1,Manchester,NH,KMHT,2025-11-27,Mostly Cloudy,1,47,39,74,29.39
1,Manchester,NH,KMHT,2025-11-28,Mostly Cloudy,1,34,21,59,29.48
1,Manchester,NH,KMHT,2025-11-29,Fair,1,31,16,54,29.78
1,Manchester,NH,KMHT,2025-11-30,Cloudy,1,26,19,75,30.22
2,Burlington,VT,KBTV,2025-11-01,Light Rain,5,43,35,74,29.06
2,Burlington,VT,KBTV,2025-11-02,Cloudy,1,44,29,55,29.76
2,Burlington,VT,KBTV,2025-11-03,Fair,1,32,28,85,29.83
2,Burlington,VT,KBTV,2025-11-04,Cloudy,1,47,35,63,29.33
2,Burlington,VT,KBTV,2025-11-05,Mostly Cloudy,1,42,30,62,29.68
2,Burlington,VT,KBTV,2025-11-06,Light Rain,5,40,36,86,29.3
2,Burlington,VT,KBTV,2025-11-07,Fair,1,29,25,85,29.71
2,Burlington,VT,KBTV,2025-11-08,Cloudy,1,52,40,63,29.13
2,Burlington,VT,KBTV,2025-11-09,Cloudy,1,35,24,64,29.64
2,Burlington,VT,KBTV,2025-11-10,Cloudy,1,39,37,93,29.4
2,Burlington,VT,KBTV,2025-11-11,Cloudy,1,31,26,82,29.17
2,Burlington,VT,KBTV,2025-11-12,Mostly Cloudy,1,35,23,61,29.33
2,Burlington,VT,KBTV,2025-11-13,Cloudy,1,36,34,93,29.3
2,Burlington,VT,KBTV,2025-11-14,Cloudy,1,38,30,73,29.58
2,Burlington,VT,KBTV,2025-11-15,Cloudy,1,35,32,89,29.55
2,Burlington,VT,KBTV,2025-11-16,Light Rain,5,39,35,86,28.7
2,Burlington,VT,KBTV,2025-11-17,Cloudy,1,32,22,66,29.02
2,Burlington,VT,KBTV,2025-11-18,Mostly Cloudy,1,34,23,64,29.52
2,Burlington,VT,KBTV,2025-11-19,Fair,1,25,22,88,29.77
2,Burlington,VT,KBTV,2025-11-20,Cloudy,1,27,25,92,29.92
2,Burlington,VT,KBTV,2025-11-21,Fair,1,28,23,81,29.68
2,Burlington,VT,KBTV,2025-11-22,Mist,1,35,31,85,29.48
2,Burlington,VT,KBTV,2025-11-23,Fair,1,24,21,88,29.63
2,Burlington,VT,KBTV,2025-11-24,Cloudy,1,35,32,89,29.57
2,Burlington,VT,KBTV,2025-11-25,Cloudy,1,40,29,65,29.79
2,Burlington,VT,KBTV,2025-11-26,Light Rain,5,42,40,92,29.47
2,Burlington,VT,KBTV,2025-11-27,Light Rain,5,42,32,67,29.31
2,Burlington,VT,KBTV,2025-11-28,Cloudy,1,37,23,57,29.27
2,Burlington,VT,KBTV,2025-11-29,Cloudy,1,31,17,57,29.7
2,Burlington,VT,KBTV,2025-11-30,Cloudy,1,29,17,61,30.06
3,Boston,MA,KBOS,2025-11-01,Mostly Cloudy / Windy,1,48,33,56,29.39
3,Boston,MA,KBOS,2025-11-02,Fair,1,41,27,57,30.1
3,Boston,MA,KBOS,2025-11-03,Fair,1,42,35,76,30.24
3,Boston,MA,KBOS,2025-11-04,Fair,1,47,37,68,29.66
3,Boston,MA,KBOS,2025-11-05,Fair,1,48,29,48,30.06
3,Boston,MA,KBOS,2025-11-06,Light Rain / Windy,5,52,41,66,29.43
3,Boston,MA,KBOS,2025-11-07,Mostly Cloudy,1,39,23,53,30.07
3,Boston,MA,KBOS,2025-11-08,Light Rain,5,55,52,89,29.61
3,Boston,MA,KBOS,2025-11-09,Cloudy,1,49,35,59,29.94
3,Boston,MA,KBOS,2025-11-10,Mist,1,55,55,100,29.69
3,Boston,MA,KBOS,2025-11-11,Partly Cloudy,1,36,28,73,29.51
3,Boston,MA,KBOS,2025-11-12,Partly Cloudy,1,34,23,64,29.76
3,Boston,MA,KBOS,2025-11-13,Cloudy,1,43,33,68,29.67
3,Boston,MA,KBOS,2025-11-14,Cloudy,1,38,28,68,29.89
3,Boston,MA,KBOS,2025-11-15,Fair,1,37,28,70,29.85
3,Boston,MA,KBOS,2025-11-16,Light Rain,5,42,41,96,29.15
3,Boston,MA,KBOS,2025-11-17,Fair,1,36,19,50,29.33
3,Boston,MA,KBOS,2025-11-18,Fair,1,37,23,57,29.85
3,Boston,MA,KBOS,2025-11-19,Partly Cloudy,1,35,23,61,30.12
3,Boston,MA,KBOS,2025-11-20,Fair,1,33,21,61,30.22
3,Boston,MA,KBOS,2025-11-21,Mostly Cloudy,1,38,33,83,30.12
3,Boston,MA,KBOS,2025-11-22,Cloudy,1,44,39,82,29.87
3,Boston,MA,KBOS,2025-11-23,Fair,1,35,20,54,29.98
3,Boston,MA,KBOS,2025-11-24,Mostly Cloudy,1,40,31,70,29.91
3,Boston,MA,KBOS,2025-11-25,Cloudy,1,37,30,76,30.24
3,Boston,MA,KBOS,2025-11-26,Light Rain,5,50,49,96,29.89
3,Boston,MA,KBOS,2025-11-27,Cloudy,1,56,50,80,29.6
3,Boston,MA,KBOS,2025-11-28,Partly Cloudy,1,37,21,52,29.76
3,Boston,MA,KBOS,2025-11-29,Partly Cloudy,1,35,19,52,30.05
3,Boston,MA,KBOS,2025-11-30,Cloudy,1,33,15,48,30.5
4,Providence,RI,KPVD,2025-11-01,Mostly Cloudy,1,50,32,50,29.44
4,Providence,RI,KPVD,2025-11-02,Fair,1,38,29,70,30.08
4,Providence,RI,KPVD,2025-11-03,Fair,1,37,34,89,30.22
4,Providence,RI,KPVD,2025-11-04,Fair,1,47,37,68,29.68
4,Providence,RI,KPVD,2025-11-05,Fair,1,40,29,65,30.05
4,Providence,RI,KPVD,2025-11-06,Fair / Windy,1,51,39,63,29.47
4,Providence,RI,KPVD,2025-11-07,Fair,1,36,23,59,30.06
4,Providence,RI,KPVD,2025-11-08,Light Rain,5,57,53,87,29.62
4,Providence,RI,KPVD,2025-11-09,Mostly Cloudy,1,43,39,86,29.89
4,Providence,RI,KPVD,2025-11-10,Fog,1,55,55,100,29.66
4,Providence,RI,KPVD,2025-11-11,Cloudy,1,34,27,75,29.53
4,Providence,RI,KPVD,2025-11-12,Fair,1,36,25,64,29.76
4,Providence,RI,KPVD,2025-11-13,Fair,1,44,32,63,29.68
4,Providence,RI,KPVD,2025-11-14,Fair,1,37,31,79,29.87
4,Providence,RI,KPVD,2025-11-15,Fair,1,37,30,76,29.82
4,Providence,RI,KPVD,2025-11-16,Rain,5,49,48,97,29.11
4,Providence,RI,KPVD,2025-11-17,Light Snow,10,36,25,64,29.35
4,Providence,RI,KPVD,2025-11-18,Fair,1,38,25,60,29.85
4,Providence,RI,KPVD,2025-11-19,Fair,1,30,23,75,30.11
4,Providence,RI,KPVD,2025-11-20,Fair,1,28,22,78,30.18
4,Providence,RI,KPVD,2025-11-21,Fair,1,29,28,96,30.08
4,Providence,RI,KPVD,2025-11-22,Fair,1,43,41,93,29.84
4,Providence,RI,KPVD,2025-11-23,Fair,1,29,27,92,29.95
4,Providence,RI,KPVD,2025-11-24,Fair,1,38,32,79,29.89
4,Providence,RI,KPVD,2025-11-25,Fair,1,31,28,89,30.23
4,Providence,RI,KPVD,2025-11-26,Light Rain,5,53,51,93,29.86
4,Providence,RI,KPVD,2025-11-27,Mostly Cloudy,1,53,46,77,29.6
4,Providence,RI,KPVD,2025-11-28,Cloudy,1,36,21,55,29.74
4,Providence,RI,KPVD,2025-11-29,Partly Cloudy,1,35,22,59,30.06
4,Providence,RI,KPVD,2025-11-30,Cloudy,1,30,21,69,30.46
5,Hartford,CT,KBDL,2025-11-01,Mostly Cloudy,1,48,32,54,29.35
5,Hartford,CT,KBDL,2025-11-02,Fair,1,38,28,68,29.96
5,Hartford,CT,KBDL,2025-11-03,Fair,1,33,32,96,30.06
5,Hartford,CT,KBDL,2025-11-04,Fair,1,46,35,66,29.61
5,Hartford,CT,KBDL,2025-11-05,Fair,1,36,28,73,29.92
5,Hartford,CT,KBDL,2025-11-06,Fair / Windy,1,46,37,71,29.44
5,Hartford,CT,KBDL,2025-11-07,Fair,1,28,24,85,29.93
5,Hartford,CT,KBDL,2025-11-08,Light Rain,5,51,49,92,29.45
5,Hartford,CT,KBDL,2025-11-09,Mostly Cloudy,1,46,38,73,29.75
5,Hartford,CT,KBDL,2025-11-10,Fog,1,48,48,100,29.53
5,Hartford,CT,KBDL,2025-11-11,Cloudy,1,33,23,66,29.43
5,Hartford,CT,KBDL,2025-11-12,Mostly Cloudy,1,36,25,64,29.62
5,Hartford,CT,KBDL,2025-11-13,Cloudy,1,43,33,68,29.55
5,Hartford,CT,KBDL,2025-11-14,Fair,1,37,29,73,29.76
5,Hartford,CT,KBDL,2025-11-15,Fair,1,33,24,70,29.72
5,Hartford,CT,KBDL,2025-11-16,Light Rain,5,40,39,97,28.98
5,Hartford,CT,KBDL,2025-11-17,Mostly Cloudy,1,34,22,61,29.27
5,Hartford,CT,KBDL,2025-11-18,Mostly Cloudy,1,38,26,62,29.76
5,Hartford,CT,KBDL,2025-11-19,Mostly Cloudy,1,28,23,81,29.98
5,Hartford,CT,KBDL,2025-11-20,Mostly Cloudy,1,28,22,78,30.06
5,Hartford,CT,KBDL,2025-11-21,Partly Cloudy,1,22,20,92,29.94
5,Hartford,CT,KBDL,2025-11-22,Fair,1,37,36,96,29.71
5,Hartford,CT,KBDL,2025-11-23,Fair,1,29,22,75,29.82
5,Hartford,CT,KBDL,2025-11-24,Mostly Cloudy,1,37,32,82,29.77
5,Hartford,CT,KBDL,2025-11-25,Mostly Cloudy,1,32,28,85,30.08
5,Hartford,CT,KBDL,2025-11-26,Light Rain,5,48,48,100,29.66
5,Hartford,CT,KBDL,2025-11-27,Partly Cloudy,1,44,35,71,29.56
5,Hartford,CT,KBDL,2025-11-28,Mostly Cloudy,1,36,20,52,29.61
5,Hartford,CT,KBDL,2025-11-29,Mostly Cloudy,1,36,20,52,29.94
5,Hartford,CT,KBDL,2025-11-30,Cloudy,1,30,20,66,30.29
6,New York City,NY,KJFK,2025-11-01,Fair,1,53,29,40,29.69
6,New York City,NY,KJFK,2025-11-02,Partly Cloudy,1,46,34,63,30.18
6,New York City,NY,KJFK,2025-11-03,Mostly Cloudy,1,49,45,86,30.24
6,New York City,NY,KJFK,2025-11-04,Fair,1,50,35,57,29.93
6,New York City,NY,KJFK,2025-11-05,Fair,1,43,36,76,30.16
6,New York City,NY,KJFK,2025-11-06,Partly Cloudy / Windy,1,53,32,45,29.76
6,New York City,NY,KJFK,2025-11-07,Fair,1,40,27,60,30.15
6,New York City,NY,KJFK,2025-11-08,Cloudy,1,58,52,81,29.67
6,New York City,NY,KJFK,2025-11-09,Fair,1,52,51,97,29.89
6,New York City,NY,KJFK,2025-11-10,Light Rain,5,58,57,97,29.68
6,New York City,NY,KJFK,2025-11-11,Fair,1,35,17,48,29.71
6,New York City,NY,KJFK,2025-11-12,Mostly Cloudy,1,39,23,53,29.91
6,New York City,NY,KJFK,2025-11-13,Partly Cloudy,1,48,35,61,29.83
6,New York City,NY,KJFK,2025-11-14,Fair,1,42,30,62,30.01
6,New York City,NY,KJFK,2025-11-15,Fair,1,44,27,51,29.91
6,New York City,NY,KJFK,2025-11-16,Light Rain,5,50,47,89,29.21
6,New York City,NY,KJFK,2025-11-17,Mostly Cloudy / Windy,1,39,21,49,29.57
6,New York City,NY,KJFK,2025-11-18,Fair,1,40,20,45,30.03
6,New York City,NY,KJFK,2025-11-19,Cloudy,1,44,31,60,30.17
6,New York City,NY,KJFK,2025-11-20,Partly Cloudy,1,37,29,73,30.23
6,New York City,NY,KJFK,2025-11-21,Cloudy,1,40,35,83,30.13
6,New York City,NY,KJFK,2025-11-22,Cloudy,1,48,45,89,29.91
6,New York City,NY,KJFK,2025-11-23,Fair,1,36,27,70,30.05
6,New York City,NY,KJFK,2025-11-24,Mostly Cloudy,1,46,31,56,30.04
6,New York City,NY,KJFK,2025-11-25,Mostly Cloudy,1,42,35,76,30.28
6,New York City,NY,KJFK,2025-11-26,Cloudy,1,55,54,96,29.89
6,New York City,NY,KJFK,2025-11-27,Partly Cloudy,1,44,26,49,29.84
6,New York City,NY,KJFK,2025-11-28,Fair,1,35,21,57,29.89
6,New York City,NY,KJFK,2025-11-29,Fair,1,34,19,54,30.23
6,New York City,NY,KJFK,2025-11-30,Mostly Cloudy,1,37,22,54,30.47
7,Albany,NY,KALB,2025-11-01,Cloudy / Windy,1,45,35,68,29.27
7,Albany,NY,KALB,2025-11-02,Fair,1,31,28,89,29.86
7,Albany,NY,KALB,2025-11-03,Patches of Fog,1,32,31,96,29.91
7,Albany,NY,KALB,2025-11-04,Partly Cloudy,1,44,36,73,29.52
7,Albany,NY,KALB,2025-11-05,Fair,1,36,30,79,29.78
7,Albany,NY,KALB,2025-11-06,Partly Cloudy / Windy,1,41,33,73,29.44
7,Albany,NY,KALB,2025-11-07,Mostly Cloudy,1,27,24,89,29.8
7,Albany,NY,KALB,2025-11-08,Cloudy,1,50,43,77,29.27
7,Albany,NY,KALB,2025-11-09,Light Rain,5,39,34,82,29.65
7,Albany,NY,KALB,2025-11-10,Light Rain,5,43,42,97,29.43
7,Albany,NY,KALB,2025-11-11,Light Snow,10,31,23,72,29.32
7,Albany,NY,KALB,2025-11-12,Cloudy,1,34,28,79,29.46
7,Albany,NY,KALB,2025-11-13,Cloudy,1,40,37,89,29.43
7,Albany,NY,KALB,2025-11-14,Fair,1,34,30,85,29.67
7,Albany,NY,KALB,2025-11-15,Shallow Fog,1,27,25,92,29.62
7,Albany,NY,KALB,2025-11-16,Light Drizzle,5,41,39,93,28.84
7,Albany,NY,KALB,2025-11-17,Cloudy / Windy,1,31,21,67,29.17
7,Albany,NY,KALB,2025-11-18,Cloudy,1,36,25,64,29.66
7,Albany,NY,KALB,2025-11-19,Mostly Cloudy,1,25,22,88,29.86
7,Albany,NY,KALB,2025-11-20,Mostly Cloudy,1,27,23,85,29.95
7,Albany,NY,KALB,2025-11-21,Fair,1,25,22,88,29.78
7,Albany,NY,KALB,2025-11-22,Mostly Cloudy,1,41,38,89,29.57
7,Albany,NY,KALB,2025-11-23,Mostly Cloudy,1,25,20,81,29.7
7,Albany,NY,KALB,2025-11-24,Cloudy,1,39,34,82,29.66
7,Albany,NY,KALB,2025-11-25,Mostly Cloudy,1,29,27,92,29.92
7,Albany,NY,KALB,2025-11-26,Cloudy,1,48,47,96,29.52
7,Albany,NY,KALB,2025-11-27,Mostly Cloudy,1,40,32,73,29.46
7,Albany,NY,KALB,2025-11-28,Cloudy,1,36,20,52,29.45
7,Albany,NY,KALB,2025-11-29,Mostly Cloudy,1,31,22,69,29.83
7,Albany,NY,KALB,2025-11-30,Cloudy,1,30,21,69,30.11
8,Buffalo,NY,KBUF,2025-11-01,Mostly Cloudy,1,42,34,73,29.02
8,Buffalo,NY,KBUF,2025-11-02,Partly Cloudy,1,41,36,82,29.38
8,Buffalo,NY,KBUF,2025-11-03,Fair,1,41,36,82,29.33
8,Buffalo,NY,KBUF,2025-11-04,Fair,1,44,32,63,29.25
8,Buffalo,NY,KBUF,2025-11-05,Cloudy,1,46,37,71,29.29
8,Buffalo,NY,KBUF,2025-11-06,Partly Cloudy,1,39,33,79,29.2
8,Buffalo,NY,KBUF,2025-11-07,Cloudy,1,37,30,76,29.23
8,Buffalo,NY,KBUF,2025-11-08,Mostly Cloudy,1,49,42,77,28.84
8,Buffalo,NY,KBUF,2025-11-09,Light Rain,5,38,33,83,29.12
8,Buffalo,NY,KBUF,2025-11-10,Light Snow,10,29,27,92,29.11
8,Buffalo,NY,KBUF,2025-11-11,Light Snow,10,25,23,92,28.99
8,Buffalo,NY,KBUF,2025-11-12,Light Snow,10,34,22,61,28.9
8,Buffalo,NY,KBUF,2025-11-13,Cloudy,1,41,30,65,29.03
8,Buffalo,NY,KBUF,2025-11-14,Partly Cloudy,1,40,30,68,29.3
8,Buffalo,NY,KBUF,2025-11-15,Partly Cloudy,1,35,33,92,29.12
8,Buffalo,NY,KBUF,2025-11-16,Cloudy,1,47,41,80,28.57
8,Buffalo,NY,KBUF,2025-11-17,Mostly Cloudy,1,32,26,79,28.92
8,Buffalo,NY,KBUF,2025-11-18,Cloudy,1,35,27,72,29.29
8,Buffalo,NY,KBUF,2025-11-19,Fair,1,30,24,79,29.32
8,Buffalo,NY,KBUF,2025-11-20,Partly Cloudy,1,31,25,79,29.42
8,Buffalo,NY,KBUF,2025-11-21,Cloudy,1,42,35,76,29.2
8,Buffalo,NY,KBUF,2025-11-22,Cloudy,1,42,34,73,29.11
8,Buffalo,NY,KBUF,2025-11-23,Light Rain,5,35,28,76,29.19
8,Buffalo,NY,KBUF,2025-11-24,Fair,1,38,31,76,29.33
8,Buffalo,NY,KBUF,2025-11-25,Cloudy,1,43,30,60,29.28
8,Buffalo,NY,KBUF,2025-11-26,Light Rain,5,52,51,97,28.94
8,Buffalo,NY,KBUF,2025-11-27,Snow / Windy / Fog,10,33,32,96,28.94
8,Buffalo,NY,KBUF,2025-11-28,Light Snow,10,31,25,79,29.02
8,Buffalo,NY,KBUF,2025-11-29,Fair,1,27,18,69,29.49
8,Buffalo,NY,KBUF,2025-11-30,Fog,1,29,27,92,29.4
9,Philadelphia,PA,KPHL,2025-11-01,Fair,1,51,35,54,29.79
9,Philadelphia,PA,KPHL,2025-11-02,Partly Cloudy,1,46,37,71,30.19
9,Philadelphia,PA,KPHL,2025-11-03,Mostly Cloudy,1,46,42,86,30.23
9,Philadelphia,PA,KPHL,2025-11-04,Fair,1,53,34,48,30.02
9,Philadelphia,PA,KPHL,2025-11-05,Partly Cloudy,1,44,32,63,30.18
9,Philadelphia,PA,KPHL,2025-11-06,Fair / Windy,1,56,34,44,29.87
9,Philadelphia,PA,KPHL,2025-11-07,Mostly Cloudy,1,40,34,79,30.15
9,Philadelphia,PA,KPHL,2025-11-08,Light Rain,5,57,54,89,29.67
9,Philadelphia,PA,KPHL,2025-11-09,Partly Cloudy,1,51,47,86,29.87
9,Philadelphia,PA,KPHL,2025-11-10,Cloudy,1,56,52,87,29.7
9,Philadelphia,PA,KPHL,2025-11-11,Fair,1,35,17,48,29.8
9,Philadelphia,PA,KPHL,2025-11-12,Cloudy,1,41,22,47,29.95
9,Philadelphia,PA,KPHL,2025-11-13,Partly Cloudy,1,48,33,56,29.88
9,Philadelphia,PA,KPHL,2025-11-14,Fair,1,41,26,55,30.08
9,Philadelphia,PA,KPHL,2025-11-15,Partly Cloudy,1,45,29,53,29.92
9,Philadelphia,PA,KPHL,2025-11-16,Cloudy,1,57,47,69,29.25
9,Philadelphia,PA,KPHL,2025-11-17,Mostly Cloudy,1,43,22,43,29.67
9,Philadelphia,PA,KPHL,2025-11-18,Mostly Cloudy,1,41,20,43,30.1
9,Philadelphia,PA,KPHL,2025-11-19,Light Rain,5,42,37,82,30.14
9,Philadelphia,PA,KPHL,2025-11-20,Cloudy,1,42,35,76,30.22
9,Philadelphia,PA,KPHL,2025-11-21,Cloudy,1,47,39,74,30.13
9,Philadelphia,PA,KPHL,2025-11-22,Light Rain,5,50,47,89,29.89
9,Philadelphia,PA,KPHL,2025-11-23,Fair,1,38,30,73,30.04
9,Philadelphia,PA,KPHL,2025-11-24,Fair,1,40,30,68,30.09
9,Philadelphia,PA,KPHL,2025-11-25,Cloudy,1,44,32,63,30.27
9,Philadelphia,PA,KPHL,2025-11-26,Mist,1,55,54,94,29.9
9,Philadelphia,PA,KPHL,2025-11-27,Cloudy,1,45,26,48,29.91
9,Philadelphia,PA,KPHL,2025-11-28,Partly Cloudy,1,35,20,54,29.96
9,Philadelphia,PA,KPHL,2025-11-29,Fair,1,34,18,52,30.33
9,Philadelphia,PA,KPHL,2025-11-30,Cloudy,1,36,23,59,30.44
10,Pittsburgh,PA,KPIT,2025-11-01,Cloudy,1,47,37,68,28.64
10,Pittsburgh,PA,KPIT,2025-11-02,Mostly Cloudy,1,39,36,89,28.86
10,Pittsburgh,PA,KPIT,2025-11-03,Fair,1,41,39,93,28.87
10,Pittsburgh,PA,KPIT,2025-11-04,Fair,1,44,29,55,28.87
10,Pittsburgh,PA,KPIT,2025-11-05,Fair,1,40,27,60,28.84
10,Pittsburgh,PA,KPIT,2025-11-06,Fair,1,39,30,70,28.83
10,Pittsburgh,PA,KPIT,2025-11-07,Mostly Cloudy,1,36,25,64,28.71
10,Pittsburgh,PA,KPIT,2025-11-08,Partly Cloudy,1,49,47,93,28.42
10,Pittsburgh,PA,KPIT,2025-11-09,Partly Cloudy,1,42,40,92,28.52
10,Pittsburgh,PA,KPIT,2025-11-10,Cloudy,1,34,30,85,28.59
10,Pittsburgh,PA,KPIT,2025-11-11,Cloudy,1,25,14,63,28.65
10,Pittsburgh,PA,KPIT,2025-11-12,Mostly Cloudy,1,36,18,48,28.53
10,Pittsburgh,PA,KPIT,2025-11-13,Fair,1,38,28,68,28.69
10,Pittsburgh,PA,KPIT,2025-11-14,Fair,1,36,27,70,28.84
10,Pittsburgh,PA,KPIT,2025-11-15,Mostly Cloudy,1,40,31,70,28.61
10,Pittsburgh,PA,KPIT,2025-11-16,Cloudy / Windy,1,57,44,62,28.18
10,Pittsburgh,PA,KPIT,2025-11-17,Cloudy,1,38,24,57,28.52
10,Pittsburgh,PA,KPIT,2025-11-18,Fair,1,26,19,75,28.82
10,Pittsburgh,PA,KPIT,2025-11-19,Light Rain,5,37,35,93,28.74
10,Pittsburgh,PA,KPIT,2025-11-20,Fog,1,35,35,100,28.89
10,Pittsburgh,PA,KPIT,2025-11-21,Cloudy,1,43,41,93,28.75
10,Pittsburgh,PA,KPIT,2025-11-22,Light Rain,5,45,44,97,28.61
10,Pittsburgh,PA,KPIT,2025-11-23,Light Rain,5,35,32,89,28.75
10,Pittsburgh,PA,KPIT,2025-11-24,Fair,1,33,28,82,28.86
10,Pittsburgh,PA,KPIT,2025-11-25,Cloudy,1,44,30,58,28.76
10,Pittsburgh,PA,KPIT,2025-11-26,Cloudy,1,56,54,93,28.52
10,Pittsburgh,PA,KPIT,2025-11-27,Light Snow,10,35,22,59,28.68
10,Pittsburgh,PA,KPIT,2025-11-28,Mostly Cloudy,1,28,18,66,28.74
10,Pittsburgh,PA,KPIT,2025-11-29,Cloudy,1,29,19,67,29.08
10,Pittsburgh,PA,KPIT,2025-11-30,Light Snow,10,37,16,42,28.82
11,Newark,NJ,KEWR,2025-11-01,Fair,1,53,29,40,29.69
11,Newark,NJ,KEWR,2025-11-02,Mostly Cloudy,1,46,33,61,30.17
11,Newark,NJ,KEWR,2025-11-03,Mostly Cloudy,1,49,40,71,30.23
11,Newark,NJ,KEWR,2025-11-04,Partly Cloudy,1,50,33,52,29.93
11,Newark,NJ,KEWR,2025-11-05,Fair,1,43,27,53,30.14
11,Newark,NJ,KEWR,2025-11-06,Partly Cloudy / Windy,1,54,30,40,29.76
11,Newark,NJ,KEWR,2025-11-07,Partly Cloudy,1,42,28,58,30.14
11,Newark,NJ,KEWR,2025-11-08,Light Rain,5,54,49,83,29.64
11,Newark,NJ,KEWR,2025-11-09,Mostly Cloudy,1,53,44,71,29.86
11,Newark,NJ,KEWR,2025-11-10,Light Rain,5,59,55,87,29.68
11,Newark,NJ,KEWR,2025-11-11,Mostly Cloudy,1,35,17,48,29.72
11,Newark,NJ,KEWR,2025-11-12,Mostly Cloudy,1,39,21,49,29.9
11,Newark,NJ,KEWR,2025-11-13,Fair,1,46,33,61,29.82
11,Newark,NJ,KEWR,2025-11-14,Fair,1,42,29,60,30.01
11,Newark,NJ,KEWR,2025-11-15,Partly Cloudy,1,44,26,49,29.9
11,Newark,NJ,KEWR,2025-11-16,Cloudy,1,48,43,83,29.2
11,Newark,NJ,KEWR,2025-11-17,Partly Cloudy,1,39,16,39,29.57
11,Newark,NJ,KEWR,2025-11-18,Fair,1,39,20,46,30.02
11,Newark,NJ,KEWR,2025-11-19,Mostly Cloudy,1,43,30,60,30.14
11,Newark,NJ,KEWR,2025-11-20,Mostly Cloudy,1,38,26,62,30.22
11,Newark,NJ,KEWR,2025-11-21,Cloudy,1,45,32,60,30.11
11,Newark,NJ,KEWR,2025-11-22,Haze,1,50,42,74,29.89
11,Newark,NJ,KEWR,2025-11-23,Partly Cloudy,1,38,23,55,30.03
11,Newark,NJ,KEWR,2025-11-24,Partly Cloudy,1,42,30,62,30.03
11,Newark,NJ,KEWR,2025-11-25,Mostly Cloudy,1,43,31,62,30.26
11,Newark,NJ,KEWR,2025-11-26,Cloudy,1,58,53,84,29.87
11,Newark,NJ,KEWR,2025-11-27,Mostly Cloudy,1,44,22,42,29.84
11,Newark,NJ,KEWR,2025-11-28,Fair,1,34,20,56,29.87
11,Newark,NJ,KEWR,2025-11-29,Fair,1,34,18,52,30.23
11,Newark,NJ,KEWR,2025-11-30,Mostly Cloudy,1,40,20,45,30.45
12,Wilmington,DE,KILG,2025-11-01,Fair,1,49,35,59,29.74
12,Wilmington,DE,KILG,2025-11-02,Fair,1,41,36,82,30.11
12,Wilmington,DE,KILG,2025-11-03,Fair,1,43,40,89,30.15
12,Wilmington,DE,KILG,2025-11-04,Fair,1,50,33,52,29.96
12,Wilmington,DE,KILG,2025-11-05,Partly Cloudy,1,44,29,55,30.11
12,Wilmington,DE,KILG,2025-11-06,Fair,1,54,34,47,29.82
12,Wilmington,DE,KILG,2025-11-07,Fair,1,35,30,82,30.06
12,Wilmington,DE,KILG,2025-11-08,Light Rain,5,58,54,87,29.61
12,Wilmington,DE,KILG,2025-11-09,Fair,1,53,51,93,29.79
12,Wilmington,DE,KILG,2025-11-10,Cloudy,1,53,46,77,29.63
12,Wilmington,DE,KILG,2025-11-11,Fair,1,32,17,54,29.74
12,Wilmington,DE,KILG,2025-11-12,Cloudy,1,39,21,49,29.87
12,Wilmington,DE,KILG,2025-11-13,Partly Cloudy,1,47,32,56,29.81
12,Wilmington,DE,KILG,2025-11-14,Fair,1,37,24,59,30.02
12,Wilmington,DE,KILG,2025-11-15,Mostly Cloudy,1,44,29,55,29.84
12,Wilmington,DE,KILG,2025-11-16,Fair,1,56,46,69,29.2
12,Wilmington,DE,KILG,2025-11-17,Cloudy,1,43,23,45,29.62
12,Wilmington,DE,KILG,2025-11-18,Fair,1,36,19,50,30.03
12,Wilmington,DE,KILG,2025-11-19,Light Rain,5,42,39,89,30.04
12,Wilmington,DE,KILG,2025-11-20,Cloudy,1,41,36,82,30.14
12,Wilmington,DE,KILG,2025-11-21,Cloudy,1,47,41,80,30.04
12,Wilmington,DE,KILG,2025-11-22,Light Rain,5,50,47,89,29.8
12,Wilmington,DE,KILG,2025-11-23,Fair,1,36,32,86,29.96
12,Wilmington,DE,KILG,2025-11-24,Fair,1,40,29,65,30.02
12,Wilmington,DE,KILG,2025-11-25,Fair,1,40,32,73,30.2
12,Wilmington,DE,KILG,2025-11-26,Mostly Cloudy,1,53,51,93,29.84
12,Wilmington,DE,KILG,2025-11-27,Fair,1,44,24,45,29.85
12,Wilmington,DE,KILG,2025-11-28,Fair,1,33,17,52,29.9
12,Wilmington,DE,KILG,2025-11-29,Fair,1,31,18,59,30.27
12,Wilmington,DE,KILG,2025-11-30,Fair,1,35,25,67,30.36
13,Baltimore,MD,KBWI,2025-11-01,Partly Cloudy,1,50,36,59,29.71
13,Baltimore,MD,KBWI,2025-11-02,Mostly Cloudy,1,43,39,86,30.03
13,Baltimore,MD,KBWI,2025-11-03,Cloudy,1,47,44,90,30.05
13,Baltimore,MD,KBWI,2025-11-04,Fair,1,47,36,66,29.93
13,Baltimore,MD,KBWI,2025-11-05,Fair,1,41,31,67,30.04
13,Baltimore,MD,KBWI,2025-11-06,Fair,1,54,33,45,29.81
13,Baltimore,MD,KBWI,2025-11-07,Fair,1,35,30,82,29.98
13,Baltimore,MD,KBWI,2025-11-08,Light Rain,5,56,55,97,29.53
13,Baltimore,MD,KBWI,2025-11-09,Partly Cloudy,1,46,44,93,29.69
13,Baltimore,MD,KBWI,2025-11-10,Cloudy,1,52,38,59,29.58
13,Baltimore,MD,KBWI,2025-11-11,Mostly Cloudy,1,33,17,52,29.7
13,Baltimore,MD,KBWI,2025-11-12,Cloudy,1,40,18,41,29.79
13,Baltimore,MD,KBWI,2025-11-13,Fair,1,47,28,48,29.79
13,Baltimore,MD,KBWI,2025-11-14,Fair,1,31,25,79,29.97
13,Baltimore,MD,KBWI,2025-11-15,Mostly Cloudy,1,47,34,61,29.75
13,Baltimore,MD,KBWI,2025-11-16,Light Rain,5,64,50,60,29.15
13,Baltimore,MD,KBWI,2025-11-17,Fair,1,40,20,45,29.58
13,Baltimore,MD,KBWI,2025-11-18,Fair,1,31,22,69,29.99
13,Baltimore,MD,KBWI,2025-11-19,Light Rain,5,42,41,96,29.91
13,Baltimore,MD,KBWI,2025-11-20,Mostly Cloudy,1,40,35,83,30.06
13,Baltimore,MD,KBWI,2025-11-21,Cloudy,1,46,40,79,29.96
13,Baltimore,MD,KBWI,2025-11-22,Light Rain,5,50,50,100,29.7
13,Baltimore,MD,KBWI,2025-11-23,Partly Cloudy,1,38,37,97,29.88
13,Baltimore,MD,KBWI,2025-11-24,Fair,1,38,33,83,29.97
13,Baltimore,MD,KBWI,2025-11-25,Cloudy,1,41,36,82,30.09
13,Baltimore,MD,KBWI,2025-11-26,Mist,1,47,47,100,29.72
13,Baltimore,MD,KBWI,2025-11-27,Mostly Cloudy,1,43,21,42,29.8
13,Baltimore,MD,KBWI,2025-11-28,Partly Cloudy,1,33,15,48,29.87
13,Baltimore,MD,KBWI,2025-11-29,Fair,1,31,17,57,30.23
13,Baltimore,MD,KBWI,2025-11-30,Cloudy,1,37,23,57,30.26
14,Richmond,VA,KRIC,2025-11-01,Fair,1,45,35,68,29.78
14,Richmond,VA,KRIC,2025-11-02,Fair,1,40,38,93,30.01
14,Richmond,VA,KRIC,2025-11-03,Light Rain,5,52,51,97,30.0
14,Richmond,VA,KRIC,2025-11-04,Fair,1,48,37,66,29.97
14,Richmond,VA,KRIC,2025-11-05,Fair,1,40,37,89,30.06
14,Richmond,VA,KRIC,2025-11-06,Fair,1,58,44,60,29.74
14,Richmond,VA,KRIC,2025-11-07,Fair,1,40,33,77,29.97
14,Richmond,VA,KRIC,2025-11-08,Cloudy,1,61,57,87,29.56
14,Richmond,VA,KRIC,2025-11-09,Cloudy,1,55,51,86,29.65
14,Richmond,VA,KRIC,2025-11-10,Cloudy,1,55,48,77,29.57
14,Richmond,VA,KRIC,2025-11-11,Cloudy,1,37,22,54,29.74
14,Richmond,VA,KRIC,2025-11-12,Cloudy,1,42,19,40,29.85
14,Richmond,VA,KRIC,2025-11-13,Partly Cloudy,1,41,32,70,29.81
14,Richmond,VA,KRIC,2025-11-14,Partly Cloudy,1,35,29,78,29.97
14,Richmond,VA,KRIC,2025-11-15,Mostly Cloudy,1,54,30,40,29.74
14,Richmond,VA,KRIC,2025-11-16,Cloudy,1,65,47,52,29.25
14,Richmond,VA,KRIC,2025-11-17,Fair,1,40,21,47,29.61
14,Richmond,VA,KRIC,2025-11-18,Fair,1,33,25,72,29.98
14,Richmond,VA,KRIC,2025-11-19,Rain,5,48,45,89,29.9
14,Richmond,VA,KRIC,2025-11-20,Cloudy,1,43,40,89,30.04
14,Richmond,VA,KRIC,2025-11-21,Cloudy,1,49,46,90,29.93
14,Richmond,VA,KRIC,2025-11-22,Light Rain,5,58,57,97,29.68
14,Richmond,VA,KRIC,2025-11-23,Cloudy,1,50,49,96,29.86
14,Richmond,VA,KRIC,2025-11-24,Fair,1,38,38,100,29.97
14,Richmond,VA,KRIC,2025-11-25,Partly Cloudy,1,40,37,89,30.09
14,Richmond,VA,KRIC,2025-11-26,Cloudy,1,62,58,86,29.76
14,Richmond,VA,KRIC,2025-11-27,Fair,1,47,25,42,29.8
14,Richmond,VA,KRIC,2025-11-28,Fair,1,33,15,48,29.93
14,Richmond,VA,KRIC,2025-11-29,Fair,1,28,15,58,30.26
14,Richmond,VA,KRIC,2025-11-30,Mostly Cloudy,1,34,26,73,30.25
15,Charleston,WV,KCRW,2025-11-01,Mostly Cloudy,1,45,37,74,28.98
15,Charleston,WV,KCRW,2025-11-02,Light Rain,5,44,42,93,29.1
15,Charleston,WV,KCRW,2025-11-03,Fair,1,39,37,93,29.12
15,Charleston,WV,KCRW,2025-11-04,Fair,1,40,36,86,29.23
15,Charleston,WV,KCRW,2025-11-05,Fair,1,36,32,86,29.1
15,Charleston,WV,KCRW,2025-11-06,Fair,1,51,36,56,29.13
15,Charleston,WV,KCRW,2025-11-07,Fair,1,32,28,85,28.94
15,Charleston,WV,KCRW,2025-11-08,Mostly Cloudy,1,57,54,89,28.71
15,Charleston,WV,KCRW,2025-11-09,Fair,1,45,42,90,28.76
15,Charleston,WV,KCRW,2025-11-10,Wintry Mix,10,35,31,85,28.93
15,Charleston,WV,KCRW,2025-11-11,Fog,1,24,20,84,29.09
15,Charleston,WV,KCRW,2025-11-12,Fair,1,44,19,37,28.91
15,Charleston,WV,KCRW,2025-11-13,Fair,1,42,29,60,29.03
15,Charleston,WV,KCRW,2025-11-14,Fair,1,33,27,78,29.14
15,Charleston,WV,KCRW,2025-11-15,Mostly Cloudy,1,60,36,41,28.91
15,Charleston,WV,KCRW,2025-11-16,Light Rain,5,60,57,90,28.51
15,Charleston,WV,KCRW,2025-11-17,Fair,1,40,15,36,28.9
15,Charleston,WV,KCRW,2025-11-18,Fair,1,30,25,82,29.09
15,Charleston,WV,KCRW,2025-11-19,Light Rain / Fog,5,47,45,93,28.97
15,Charleston,WV,KCRW,2025-11-20,Mist,1,49,47,93,29.11
15,Charleston,WV,KCRW,2025-11-21,Cloudy,1,49,48,97,29.0
15,Charleston,WV,KCRW,2025-11-22,Light Rain,5,61,59,93,28.78
15,Charleston,WV,KCRW,2025-11-23,Fair,1,42,42,100,29.03
15,Charleston,WV,KCRW,2025-11-24,Mist,1,34,34,100,29.15
15,Charleston,WV,KCRW,2025-11-25,Cloudy,1,56,37,49,28.98
15,Charleston,WV,KCRW,2025-11-26,Cloudy,1,59,55,87,28.83
15,Charleston,WV,KCRW,2025-11-27,Cloudy,1,38,20,48,29.06
15,Charleston,WV,KCRW,2025-11-28,Light Snow,10,30,16,56,29.15
15,Charleston,WV,KCRW,2025-11-29,Fair,1,22,19,89,29.38
15,Charleston,WV,KCRW,2025-11-30,Cloudy,1,43,14,31,29.09
16,Charlotte,NC,KCLT,2025-11-01,Fair,1,43,37,80,29.24
16,Charlotte,NC,KCLT,2025-11-02,Mostly Cloudy,1,45,39,80,29.34
16,Charlotte,NC,KCLT,2025-11-03,Fair,1,44,41,89,29.34
16,Charlotte,NC,KCLT,2025-11-04,Fair,1,46,37,71,29.47
16,Charlotte,NC,KCLT,2025-11-05,Fair,1,48,37,66,29.46
16,Charlotte,NC,KCLT,2025-11-06,Fair,1,52,45,77,29.26
16,Charlotte,NC,KCLT,2025-11-07,Fair,1,50,34,54,29.3
16,Charlotte,NC,KCLT,2025-11-08,Light Rain,5,61,55,81,29.02
16,Charlotte,NC,KCLT,2025-11-09,Mist,1,62,60,93,29.03
16,Charlotte,NC,KCLT,2025-11-10,Fair,1,46,27,47,29.09
16,Charlotte,NC,KCLT,2025-11-11,Fair,1,31,16,54,29.34
16,Charlotte,NC,KCLT,2025-11-12,Fair,1,41,20,43,29.32
16,Charlotte,NC,KCLT,2025-11-13,Fair,1,47,35,63,29.3
16,Charlotte,NC,KCLT,2025-11-14,Fair,1,42,29,60,29.37
16,Charlotte,NC,KCLT,2025-11-15,Fair,1,47,31,54,29.26
16,Charlotte,NC,KCLT,2025-11-16,Fair,1,62,49,62,28.87
16,Charlotte,NC,KCLT,2025-11-17,Fair,1,49,21,33,29.09
16,Charlotte,NC,KCLT,2025-11-18,Fair,1,44,28,53,29.33
16,Charlotte,NC,KCLT,2025-11-19,Partly Cloudy,1,53,33,47,29.28
16,Charlotte,NC,KCLT,2025-11-20,Partly Cloudy,1,61,49,64,29.33
16,Charlotte,NC,KCLT,2025-11-21,Cloudy,1,60,56,86,29.28
16,Charlotte,NC,KCLT,2025-11-22,Light Rain,5,66,56,70,29.13
16,Charlotte,NC,KCLT,2025-11-23,Mostly Cloudy,1,63,48,58,29.22
16,Charlotte,NC,KCLT,2025-11-24,Fair,1,48,40,74,29.35
16,Charlotte,NC,KCLT,2025-11-25,Cloudy,1,53,42,66,29.38
16,Charlotte,NC,KCLT,2025-11-26,Light Rain,5,61,59,93,29.19
16,Charlotte,NC,KCLT,2025-11-27,Fair,1,47,24,41,29.24
16,Charlotte,NC,KCLT,2025-11-28,Fair,1,36,13,39,29.38
16,Charlotte,NC,KCLT,2025-11-29,Partly Cloudy,1,33,14,46,29.63
16,Charlotte,NC,KCLT,2025-11-30,Cloudy,1,41,18,39,29.56
17,Raleigh,NC,KRDU,2025-11-01,Fair,1,43,37,80,29.6
17,Raleigh,NC,KRDU,2025-11-02,Fair,1,41,39,93,29.74
17,Raleigh,NC,KRDU,2025-11-03,Light Rain,5,53,53,100,29.72
17,Raleigh,NC,KRDU,2025-11-04,Fair,1,46,40,79,29.79
17,Raleigh,NC,KRDU,2025-11-05,Fair,1,44,39,82,29.84
17,Raleigh,NC,KRDU,2025-11-06,Fair,1,52,47,83,29.6
17,Raleigh,NC,KRDU,2025-11-07,Fair,1,47,37,68,29.72
17,Raleigh,NC,KRDU,2025-11-08,Mostly Cloudy,1,60,54,80,29.39
17,Raleigh,NC,KRDU,2025-11-09,Mostly Cloudy,1,59,59,100,29.4
17,Raleigh,NC,KRDU,2025-11-10,Mostly Cloudy,1,54,35,49,29.4
17,Raleigh,NC,KRDU,2025-11-11,Light Snow,10,34,16,48,29.6
17,Raleigh,NC,KRDU,2025-11-12,Mostly Cloudy,1,39,22,50,29.7
17,Raleigh,NC,KRDU,2025-11-13,Partly Cloudy,1,44,36,73,29.64
17,Raleigh,NC,KRDU,2025-11-14,Fair,1,36,32,86,29.73
17,Raleigh,NC,KRDU,2025-11-15,Fair,1,49,31,50,29.6
17,Raleigh,NC,KRDU,2025-11-16,Mostly Cloudy,1,62,50,65,29.17
17,Raleigh,NC,KRDU,2025-11-17,Fair,1,48,17,29,29.43
17,Raleigh,NC,KRDU,2025-11-18,Fair,1,36,27,70,29.72
17,Raleigh,NC,KRDU,2025-11-19,Mostly Cloudy,1,54,37,53,29.66
17,Raleigh,NC,KRDU,2025-11-20,Mostly Cloudy,1,46,40,79,29.77
17,Raleigh,NC,KRDU,2025-11-21,Light Rain,5,54,50,86,29.66
17,Raleigh,NC,KRDU,2025-11-22,Mostly Cloudy,1,62,60,93,29.48
17,Raleigh,NC,KRDU,2025-11-23,Mostly Cloudy,1,54,51,90,29.61
17,Raleigh,NC,KRDU,2025-11-24,Fair,1,43,40,89,29.74
17,Raleigh,NC,KRDU,2025-11-25,Mostly Cloudy,1,49,38,66,29.8
17,Raleigh,NC,KRDU,2025-11-26,Mostly Cloudy,1,63,60,90,29.56
17,Raleigh,NC,KRDU,2025-11-27,Partly Cloudy,1,52,20,28,29.58
17,Raleigh,NC,KRDU,2025-11-28,Fair,1,32,18,56,29.74
17,Raleigh,NC,KRDU,2025-11-29,Fair,1,26,15,63,30.03
17,Raleigh,NC,KRDU,2025-11-30,Mostly Cloudy,1,35,18,50,29.96
18,Columbia,SC,KCAE,2025-11-01,Fair,1,42,39,89,29.79
18,Columbia,SC,KCAE,2025-11-02,Fair,1,40,38,93,29.89
18,Columbia,SC,KCAE,2025-11-03,Fair,1,41,39,93,29.87
18,Columbia,SC,KCAE,2025-11-04,Fair,1,43,40,89,29.99
18,Columbia,SC,KCAE,2025-11-05,Fair,1,42,38,85,30.03
18,Columbia,SC,KCAE,2025-11-06,Fair,1,54,47,77,29.81
18,Columbia,SC,KCAE,2025-11-07,Fair,1,49,45,86,29.82
18,Columbia,SC,KCAE,2025-11-08,Fair,1,55,52,89,29.58
18,Columbia,SC,KCAE,2025-11-09,Mostly Cloudy,1,67,65,93,29.59
18,Columbia,SC,KCAE,2025-11-10,Fair,1,52,33,49,29.65
18,Columbia,SC,KCAE,2025-11-11,Fair,1,31,17,57,29.96
18,Columbia,SC,KCAE,2025-11-12,Fair,1,39,20,46,29.95
18,Columbia,SC,KCAE,2025-11-13,Fair,1,42,37,82,29.87
18,Columbia,SC,KCAE,2025-11-14,Mostly Cloudy,1,40,37,89,29.92
18,Columbia,SC,KCAE,2025-11-15,Fair,1,44,35,71,29.82
18,Columbia,SC,KCAE,2025-11-16,Fair,1,61,47,60,29.51
18,Columbia,SC,KCAE,2025-11-17,Fair,1,44,35,71,29.63
18,Columbia,SC,KCAE,2025-11-18,Fair,1,39,35,86,29.88
18,Columbia,SC,KCAE,2025-11-19,Fair,1,50,41,71,29.86
18,Columbia,SC,KCAE,2025-11-20,Fair,1,58,56,93,29.84
18,Columbia,SC,KCAE,2025-11-21,Fog,1,56,56,100,29.83
18,Columbia,SC,KCAE,2025-11-22,Mostly Cloudy,1,67,55,66,29.72
18,Columbia,SC,KCAE,2025-11-23,Fair,1,57,55,93,29.72
18,Columbia,SC,KCAE,2025-11-24,Fair,1,46,43,89,29.87
18,Columbia,SC,KCAE,2025-11-25,Fair,1,53,46,77,29.91
18,Columbia,SC,KCAE,2025-11-26,Cloudy,1,65,59,81,29.74
18,Columbia,SC,KCAE,2025-11-27,Fair,1,49,34,56,29.79
18,Columbia,SC,KCAE,2025-11-28,Fair,1,31,24,76,29.95
18,Columbia,SC,KCAE,2025-11-29,Fair,1,27,23,85,30.18
18,Columbia,SC,KCAE,2025-11-30,Mostly Cloudy,1,40,20,45,30.09
19,Atlanta,GA,KATL,2025-11-01,Fair,1,47,39,74,28.98
19,Atlanta,GA,KATL,2025-11-02,Mostly Cloudy,1,50,40,68,29.03
19,Atlanta,GA,KATL,2025-11-03,Mist,1,46,43,89,29.07
19,Atlanta,GA,KATL,2025-11-04,Fair,1,48,42,80,29.19
19,Atlanta,GA,KATL,2025-11-05,Fair,1,52,43,71,29.16
19,Atlanta,GA,KATL,2025-11-06,Fair,1,54,45,72,29.05
19,Atlanta,GA,KATL,2025-11-07,Fair,1,57,49,74,28.94
19,Atlanta,GA,KATL,2025-11-08,Cloudy,1,66,63,90,28.74
19,Atlanta,GA,KATL,2025-11-09,Mostly Cloudy,1,65,62,90,28.77
19,Atlanta,GA,KATL,2025-11-10,Mostly Cloudy,1,42,31,65,28.96
19,Atlanta,GA,KATL,2025-11-11,Fair,1,32,19,59,29.18
19,Atlanta,GA,KATL,2025-11-12,Fair,1,39,22,50,29.11
19,Atlanta,GA,KATL,2025-11-13,Fair,1,50,44,80,29.1
19,Atlanta,GA,KATL,2025-11-14,Fair,1,50,37,61,29.1
19,Atlanta,GA,KATL,2025-11-15,Fair,1,54,39,57,29.01
19,Atlanta,GA,KATL,2025-11-16,Fair,1,58,50,75,28.77
19,Atlanta,GA,KATL,2025-11-17,Fair,1,51,26,38,28.85
19,Atlanta,GA,KATL,2025-11-18,Fair,1,46,28,50,29.02
19,Atlanta,GA,KATL,2025-11-19,Fair,1,62,38,41,29.01
19,Atlanta,GA,KATL,2025-11-20,Cloudy,1,64,62,93,29.07
19,Atlanta,GA,KATL,2025-11-21,Mostly Cloudy,1,65,61,87,28.99
19,Atlanta,GA,KATL,2025-11-22,Cloudy,1,67,63,87,28.91
19,Atlanta,GA,KATL,2025-11-23,Fair,1,59,52,78,28.95
19,Atlanta,GA,KATL,2025-11-24,Fair,1,55,42,62,29.03
19,Atlanta,GA,KATL,2025-11-25,Partly Cloudy,1,61,50,67,29.0
19,Atlanta,GA,KATL,2025-11-26,Mostly Cloudy,1,63,61,93,28.92
19,Atlanta,GA,KATL,2025-11-27,Fair,1,44,25,47,29.05
19,Atlanta,GA,KATL,2025-11-28,Fair,1,36,20,52,29.17
19,Atlanta,GA,KATL,2025-11-29,Mostly Cloudy,1,36,22,57,29.26
19,Atlanta,GA,KATL,2025-11-30,Cloudy,1,45,23,42,29.18
20,Jacksonville,FL,KJAX,2025-11-01,Fair,1,43,41,93,30.03
20,Jacksonville,FL,KJAX,2025-11-02,Fair,1,48,45,89,30.06
20,Jacksonville,FL,KJAX,2025-11-03,Partly Cloudy,1,58,54,87,30.05
20,Jacksonville,FL,KJAX,2025-11-04,Fair,1,47,44,90,30.21
20,Jacksonville,FL,KJAX,2025-11-05,Fair,1,50,49,96,30.24
20,Jacksonville,FL,KJAX,2025-11-06,Fair,1,56,54,93,30.1
20,Jacksonville,FL,KJAX,2025-11-07,Cloudy,1,58,56,93,30.0
20,Jacksonville,FL,KJAX,2025-11-08,Partly Cloudy,1,62,61,96,29.85
20,Jacksonville,FL,KJAX,2025-11-09,Partly Cloudy,1,70,69,97,29.88
20,Jacksonville,FL,KJAX,2025-11-10,Cloudy,1,66,56,70,29.89
20,Jacksonville,FL,KJAX,2025-11-11,Fair,1,35,14,42,30.32
20,Jacksonville,FL,KJAX,2025-11-12,Fair,1,32,26,79,30.29
20,Jacksonville,FL,KJAX,2025-11-13,Fair,1,46,41,83,30.19
20,Jacksonville,FL,KJAX,2025-11-14,Fair,1,48,46,93,30.13
20,Jacksonville,FL,KJAX,2025-11-15,Mist,1,46,46,100,30.09
20,Jacksonville,FL,KJAX,2025-11-16,Fair,1,57,55,93,29.87
20,Jacksonville,FL,KJAX,2025-11-17,Fair,1,60,59,96,29.84
20,Jacksonville,FL,KJAX,2025-11-18,Mostly Cloudy,1,48,45,89,30.06
20,Jacksonville,FL,KJAX,2025-11-19,Mist,1,53,52,96,30.12
20,Jacksonville,FL,KJAX,2025-11-20,Fair,1,59,53,81,30.1
20,Jacksonville,FL,KJAX,2025-11-21,Fair,1,59,58,96,30.07
20,Jacksonville,FL,KJAX,2025-11-22,Fair,1,60,57,90,30.03
20,Jacksonville,FL,KJAX,2025-11-23,Partly Cloudy,1,70,67,90,30.0
20,Jacksonville,FL,KJAX,2025-11-24,Fog,1,58,57,97,30.05
20,Jacksonville,FL,KJAX,2025-11-25,Fog,1,56,55,97,30.07
20,Jacksonville,FL,KJAX,2025-11-26,Partly Cloudy,1,66,64,93,30.05
20,Jacksonville,FL,KJAX,2025-11-27,Cloudy,1,68,55,63,30.03
20,Jacksonville,FL,KJAX,2025-11-28,Fair,1,37,28,70,30.2
20,Jacksonville,FL,KJAX,2025-11-29,Mostly Cloudy,1,42,26,53,30.32
20,Jacksonville,FL,KJAX,2025-11-30,Mostly Cloudy,1,59,57,93,30.2
21,Miami,FL,KMIA,2025-11-01,Fair,1,67,54,63,30.02
21,Miami,FL,KMIA,2025-11-02,Mostly Cloudy,1,72,59,64,30.02
21,Miami,FL,KMIA,2025-11-03,Mostly Cloudy,1,73,71,93,29.98
21,Miami,FL,KMIA,2025-11-04,Fair,1,73,65,76,30.11
21,Miami,FL,KMIA,2025-11-05,Partly Cloudy,1,76,63,64,30.14
21,Miami,FL,KMIA,2025-11-06,Cloudy,1,74,65,73,30.07
21,Miami,FL,KMIA,2025-11-07,Mostly Cloudy,1,76,68,76,29.96
21,Miami,FL,KMIA,2025-11-08,Mostly Cloudy,1,77,73,88,29.89
21,Miami,FL,KMIA,2025-11-09,Mostly Cloudy,1,79,73,83,29.95
21,Miami,FL,KMIA,2025-11-10,Fair,1,76,73,91,29.96
21,Miami,FL,KMIA,2025-11-11,Fair,1,57,42,57,30.21
21,Miami,FL,KMIA,2025-11-12,Mostly Cloudy,1,56,47,72,30.23
21,Miami,FL,KMIA,2025-11-13,Mostly Cloudy,1,66,55,68,30.16
21,Miami,FL,KMIA,2025-11-14,Fair,1,66,55,68,30.1
21,Miami,FL,KMIA,2025-11-15,Partly Cloudy,1,69,61,75,30.03
21,Miami,FL,KMIA,2025-11-16,Fair,1,67,60,79,29.93
21,Miami,FL,KMIA,2025-11-17,Fair,1,65,61,87,29.93
21,Miami,FL,KMIA,2025-11-18,Fair,1,66,62,87,30.03
21,Miami,FL,KMIA,2025-11-19,Fair,1,71,63,75,30.1
21,Miami,FL,KMIA,2025-11-20,Fair,1,73,66,79,30.1
21,Miami,FL,KMIA,2025-11-21,Fair,1,72,65,78,30.08
21,Miami,FL,KMIA,2025-11-22,Fair,1,70,63,78,30.06
21,Miami,FL,KMIA,2025-11-23,Fair,1,71,66,84,30.07
21,Miami,FL,KMIA,2025-11-24,Fair,1,71,67,87,30.05
21,Miami,FL,KMIA,2025-11-25,Fair,1,74,65,73,30.07
21,Miami,FL,KMIA,2025-11-26,Mostly Cloudy,1,76,72,87,30.07
21,Miami,FL,KMIA,2025-11-27,Partly Cloudy,1,73,68,84,30.04
21,Miami,FL,KMIA,2025-11-28,Partly Cloudy,1,66,57,73,30.07
21,Miami,FL,KMIA,2025-11-29,Fair,1,62,56,80,30.12
21,Miami,FL,KMIA,2025-11-30,Mostly Cloudy,1,73,69,87,30.11
22,Orlando,FL,KMCO,2025-11-01,Fair,1,55,52,89,29.97
22,Orlando,FL,KMCO,2025-11-02,Fair,1,58,55,90,29.97
22,Orlando,FL,KMCO,2025-11-03,Fair,1,66,62,87,29.95
22,Orlando,FL,KMCO,2025-11-04,Fair,1,57,50,77,30.11
22,Orlando,FL,KMCO,2025-11-05,Fair,1,63,62,97,30.13
22,Orlando,FL,KMCO,2025-11-06,Fair,1,64,61,90,30.03
22,Orlando,FL,KMCO,2025-11-07,Mostly Cloudy,1,68,64,87,29.91
22,Orlando,FL,KMCO,2025-11-08,Fair,1,68,67,96,29.8
22,Orlando,FL,KMCO,2025-11-09,Fair,1,71,69,93,29.85
22,Orlando,FL,KMCO,2025-11-10,Partly Cloudy,1,71,70,96,29.83
22,Orlando,FL,KMCO,2025-11-11,Fair / Windy,1,44,19,37,30.18
22,Orlando,FL,KMCO,2025-11-12,Fair,1,43,35,74,30.22
22,Orlando,FL,KMCO,2025-11-13,Fair,1,49,45,86,30.13
22,Orlando,FL,KMCO,2025-11-14,Fair,1,55,52,89,30.06
22,Orlando,FL,KMCO,2025-11-15,Fair,1,58,55,90,30.0
22,Orlando,FL,KMCO,2025-11-16,Fair,1,58,55,90,29.85
22,Orlando,FL,KMCO,2025-11-17,Fair,1,62,59,90,29.82
22,Orlando,FL,KMCO,2025-11-18,Partly Cloudy,1,60,56,86,29.97
22,Orlando,FL,KMCO,2025-11-19,Fair,1,62,55,78,30.04
22,Orlando,FL,KMCO,2025-11-20,Fair,1,62,60,93,30.05
22,Orlando,FL,KMCO,2025-11-21,Fair,1,63,61,94,29.99
22,Orlando,FL,KMCO,2025-11-22,Fair,1,63,63,100,30.0
22,Orlando,FL,KMCO,2025-11-23,Fair,1,64,61,88,29.97
22,Orlando,FL,KMCO,2025-11-24,Mostly Cloudy,1,66,66,100,29.97
22,Orlando,FL,KMCO,2025-11-25,Fair,1,65,64,97,29.99
22,Orlando,FL,KMCO,2025-11-26,Fair,1,67,65,93,30.0
22,Orlando,FL,KMCO,2025-11-27,Partly Cloudy,1,67,64,90,29.95
22,Orlando,FL,KMCO,2025-11-28,Partly Cloudy,1,52,28,40,30.08
22,Orlando,FL,KMCO,2025-11-29,Partly Cloudy,1,51,42,71,30.15
22,Orlando,FL,KMCO,2025-11-30,Fair,1,58,54,87,30.09
23,Columbus,OH,KCMH,2025-11-01,Partly Cloudy,1,42,37,82,29.1
23,Columbus,OH,KCMH,2025-11-02,Partly Cloudy,1,36,34,93,29.28
23,Columbus,OH,KCMH,2025-11-03,Fair,1,38,37,97,29.3
23,Columbus,OH,KCMH,2025-11-04,Fair,1,38,34,86,29.38
23,Columbus,OH,KCMH,2025-11-05,Fair,1,48,30,50,29.2
23,Columbus,OH,KCMH,2025-11-06,Fair,1,37,34,89,29.32
23,Columbus,OH,KCMH,2025-11-07,Mostly Cloudy,1,45,25,46,29.06
23,Columbus,OH,KCMH,2025-11-08,Fog,1,47,47,100,28.84
23,Columbus,OH,KCMH,2025-11-09,Cloudy,1,44,43,96,28.9
23,Columbus,OH,KCMH,2025-11-10,Light Snow,10,32,31,96,29.11
23,Columbus,OH,KCMH,2025-11-11,Mostly Cloudy,1,27,22,81,29.2
23,Columbus,OH,KCMH,2025-11-12,Mostly Cloudy,1,35,24,64,28.98
23,Columbus,OH,KCMH,2025-11-13,Partly Cloudy,1,38,29,70,29.17
23,Columbus,OH,KCMH,2025-11-14,Mostly Cloudy,1,34,29,82,29.3
23,Columbus,OH,KCMH,2025-11-15,Mostly Cloudy,1,52,46,80,29.03
23,Columbus,OH,KCMH,2025-11-16,Mostly Cloudy,1,56,46,69,28.7
23,Columbus,OH,KCMH,2025-11-17,Fair,1,32,22,66,29.07
23,Columbus,OH,KCMH,2025-11-18,Partly Cloudy,1,32,25,75,29.24
23,Columbus,OH,KCMH,2025-11-19,Cloudy,1,40,39,97,29.17
23,Columbus,OH,KCMH,2025-11-20,Cloudy,1,42,40,92,29.28
23,Columbus,OH,KCMH,2025-11-21,Cloudy,1,44,42,93,29.17
23,Columbus,OH,KCMH,2025-11-22,Cloudy,1,48,46,93,29.02
23,Columbus,OH,KCMH,2025-11-23,Cloudy,1,40,34,79,29.16
23,Columbus,OH,KCMH,2025-11-24,Fair,1,33,32,96,29.32
23,Columbus,OH,KCMH,2025-11-25,Cloudy,1,50,34,54,29.11
23,Columbus,OH,KCMH,2025-11-26,Cloudy,1,54,52,93,28.93
23,Columbus,OH,KCMH,2025-11-27,Cloudy / Windy,1,33,19,56,29.21
23,Columbus,OH,KCMH,2025-11-28,Cloudy,1,30,17,59,29.27
23,Columbus,OH,KCMH,2025-11-29,Fair,1,24,16,71,29.54
23,Columbus,OH,KCMH,2025-11-30,Light Snow,10,40,26,58,29.13
24,Cleveland,OH,KCLE,2025-11-01,Partly Cloudy,1,41,36,82,29.04
24,Cleveland,OH,KCLE,2025-11-02,Fair,1,40,36,86,29.29
24,Cleveland,OH,KCLE,2025-11-03,Fair,1,39,38,96,29.27
24,Cleveland,OH,KCLE,2025-11-04,Fair,1,39,30,70,29.32
24,Cleveland,OH,KCLE,2025-11-05,Partly Cloudy,1,48,29,48,29.18
24,Cleveland,OH,KCLE,2025-11-06,Fair,1,44,29,55,29.27
24,Cleveland,OH,KCLE,2025-11-07,Cloudy,1,47,25,42,29.03
24,Cleveland,OH,KCLE,2025-11-08,Mostly Cloudy,1,45,42,90,28.83
24,Cleveland,OH,KCLE,2025-11-09,Light Rain,5,42,37,82,28.95
24,Cleveland,OH,KCLE,2025-11-10,Light Snow,10,33,31,92,29.07
24,Cleveland,OH,KCLE,2025-11-11,Mostly Cloudy,1,26,19,75,29.09
24,Cleveland,OH,KCLE,2025-11-12,Cloudy,1,38,24,57,28.87
24,Cleveland,OH,KCLE,2025-11-13,Fair,1,36,29,76,29.09
24,Cleveland,OH,KCLE,2025-11-14,Fair,1,34,30,85,29.27
24,Cleveland,OH,KCLE,2025-11-15,Mostly Cloudy,1,46,42,86,28.99
24,Cleveland,OH,KCLE,2025-11-16,Mostly Cloudy,1,50,39,66,28.67
24,Cleveland,OH,KCLE,2025-11-17,Cloudy,1,39,17,41,28.99
24,Cleveland,OH,KCLE,2025-11-18,Fair,1,29,23,78,29.22
24,Cleveland,OH,KCLE,2025-11-19,Cloudy,1,40,35,83,29.21
24,Cleveland,OH,KCLE,2025-11-20,Mostly Cloudy,1,35,32,89,29.32
24,Cleveland,OH,KCLE,2025-11-21,Cloudy,1,44,41,89,29.15
24,Cleveland,OH,KCLE,2025-11-22,Mist,1,45,44,97,29.02
24,Cleveland,OH,KCLE,2025-11-23,Cloudy,1,40,32,73,29.09
24,Cleveland,OH,KCLE,2025-11-24,Fair,1,31,29,92,29.3
24,Cleveland,OH,KCLE,2025-11-25,Cloudy,1,46,30,54,29.12
24,Cleveland,OH,KCLE,2025-11-26,Cloudy,1,52,50,93,28.89
24,Cleveland,OH,KCLE,2025-11-27,Partly Cloudy / Windy,1,32,21,64,29.06
24,Cleveland,OH,KCLE,2025-11-28,Light Snow,10,28,22,78,29.16
24,Cleveland,OH,KCLE,2025-11-29,Cloudy,1,29,19,67,29.51
24,Cleveland,OH,KCLE,2025-11-30,Cloudy,1,37,27,67,29.1
25,Detroit,MI,KDTW,2025-11-01,Mostly Cloudy,1,41,33,73,29.25
25,Detroit,MI,KDTW,2025-11-02,Shallow Fog,1,35,32,89,29.49
25,Detroit,MI,KDTW,2025-11-03,Fair,1,41,34,76,29.43
25,Detroit,MI,KDTW,2025-11-04,Fair,1,39,30,70,29.51
25,Detroit,MI,KDTW,2025-11-05,Cloudy,1,47,31,54,29.31
25,Detroit,MI,KDTW,2025-11-06,Fair,1,38,29,70,29.48
25,Detroit,MI,KDTW,2025-11-07,Cloudy,1,47,32,56,29.19
25,Detroit,MI,KDTW,2025-11-08,Cloudy,1,46,40,79,29.03
25,Detroit,MI,KDTW,2025-11-09,Wintry Mix,10,35,33,92,29.21
25,Detroit,MI,KDTW,2025-11-10,Cloudy,1,31,27,85,29.37
25,Detroit,MI,KDTW,2025-11-11,Mostly Cloudy,1,24,19,81,29.32
25,Detroit,MI,KDTW,2025-11-12,Cloudy,1,35,25,67,29.01
25,Detroit,MI,KDTW,2025-11-13,Fair,1,33,28,82,29.32
25,Detroit,MI,KDTW,2025-11-14,Mostly Cloudy,1,36,27,70,29.47
25,Detroit,MI,KDTW,2025-11-15,Mostly Cloudy,1,43,37,80,29.15
25,Detroit,MI,KDTW,2025-11-16,Partly Cloudy,1,46,32,58,28.92
25,Detroit,MI,KDTW,2025-11-17,Cloudy,1,33,21,61,29.22
25,Detroit,MI,KDTW,2025-11-18,Partly Cloudy,1,27,21,80,29.43
25,Detroit,MI,KDTW,2025-11-19,Cloudy,1,37,32,81,29.44
25,Detroit,MI,KDTW,2025-11-20,Cloudy,1,32,27,80,29.51
25,Detroit,MI,KDTW,2025-11-21,Cloudy,1,45,43,93,29.34
25,Detroit,MI,KDTW,2025-11-22,Mostly Cloudy,1,39,30,70,29.29
25,Detroit,MI,KDTW,2025-11-23,Fair,1,39,30,70,29.25
25,Detroit,MI,KDTW,2025-11-24,Fair,1,36,30,81,29.5
25,Detroit,MI,KDTW,2025-11-25,Cloudy,1,45,36,71,29.29
25,Detroit,MI,KDTW,2025-11-26,Light Drizzle,5,50,48,94,29.05
25,Detroit,MI,KDTW,2025-11-27,Light Snow / Windy,10,30,28,93,29.21
25,Detroit,MI,KDTW,2025-11-28,Cloudy,1,28,21,74,29.39
25,Detroit,MI,KDTW,2025-11-29,Cloudy,1,28,16,59,29.73
25,Detroit,MI,KDTW,2025-11-30,Snow / Fog,10,32,30,93,29.27
26,Indianapolis,IN,KIND,2025-11-01,Mostly Cloudy,1,45,36,71,29.13
26,Indianapolis,IN,KIND,2025-11-02,Cloudy,1,44,35,71,29.31
26,Indianapolis,IN,KIND,2025-11-03,Fair,1,38,34,86,29.34
26,Indianapolis,IN,KIND,2025-11-04,Mostly Cloudy,1,39,31,73,29.44
26,Indianapolis,IN,KIND,2025-11-05,Partly Cloudy,1,52,44,74,29.17
26,Indianapolis,IN,KIND,2025-11-06,Fair,1,39,35,86,29.38
26,Indianapolis,IN,KIND,2025-11-07,Cloudy,1,48,28,46,28.98
26,Indianapolis,IN,KIND,2025-11-08,Fair,1,45,37,74,28.89
26,Indianapolis,IN,KIND,2025-11-09,Rain,5,47,44,90,28.9
26,Indianapolis,IN,KIND,2025-11-10,Cloudy,1,26,18,71,29.26
26,Indianapolis,IN,KIND,2025-11-11,Fair,1,23,16,74,29.33
26,Indianapolis,IN,KIND,2025-11-12,Fair,1,38,29,70,29.02
26,Indianapolis,IN,KIND,2025-11-13,Mostly Cloudy,1,44,29,55,29.27
26,Indianapolis,IN,KIND,2025-11-14,Fair,1,44,29,55,29.29
26,Indianapolis,IN,KIND,2025-11-15,Fair,1,62,55,78,29.01
26,Indianapolis,IN,KIND,2025-11-16,Fair,1,52,40,63,28.86
26,Indianapolis,IN,KIND,2025-11-17,Fair,1,36,19,50,29.14
26,Indianapolis,IN,KIND,2025-11-18,Light Rain,5,42,31,65,29.22
26,Indianapolis,IN,KIND,2025-11-19,Cloudy,1,43,42,97,29.19
26,Indianapolis,IN,KIND,2025-11-20,Mist,1,43,42,97,29.31
26,Indianapolis,IN,KIND,2025-11-21,Fog,1,46,45,96,29.18
26,Indianapolis,IN,KIND,2025-11-22,Cloudy,1,47,46,97,29.09
26,Indianapolis,IN,KIND,2025-11-23,Fair,1,41,35,79,29.21
26,Indianapolis,IN,KIND,2025-11-24,Fair,1,36,32,86,29.32
26,Indianapolis,IN,KIND,2025-11-25,Cloudy,1,51,46,83,29.02
26,Indianapolis,IN,KIND,2025-11-26,Light Rain,5,52,49,89,28.96
26,Indianapolis,IN,KIND,2025-11-27,Fair,1,30,18,61,29.29
26,Indianapolis,IN,KIND,2025-11-28,Fair,1,24,17,75,29.41
26,Indianapolis,IN,KIND,2025-11-29,Cloudy,1,25,18,75,29.53
26,Indianapolis,IN,KIND,2025-11-30,Wintry Mix,10,36,35,97,29.06
27,Louisville,KY,KSDF,2025-11-01,Mostly Cloudy,1,44,39,82,29.49
27,Louisville,KY,KSDF,2025-11-02,Cloudy,1,44,41,89,29.64
27,Louisville,KY,KSDF,2025-11-03,Fair,1,40,39,97,29.7
27,Louisville,KY,KSDF,2025-11-04,Partly Cloudy,1,43,41,93,29.79
27,Louisville,KY,KSDF,2025-11-05,Cloudy,1,52,44,74,29.57
27,Louisville,KY,KSDF,2025-11-06,Fair,1,48,37,66,29.7
27,Louisville,KY,KSDF,2025-11-07,Mostly Cloudy,1,47,30,52,29.36
27,Louisville,KY,KSDF,2025-11-08,Fair,1,54,51,90,29.25
27,Louisville,KY,KSDF,2025-11-09,Partly Cloudy,1,49,44,83,29.18
27,Louisville,KY,KSDF,2025-11-10,Cloudy,1,31,20,64,29.64
27,Louisville,KY,KSDF,2025-11-11,Fair,1,28,20,72,29.73
27,Louisville,KY,KSDF,2025-11-12,Fair,1,44,24,45,29.45
27,Louisville,KY,KSDF,2025-11-13,Fair,1,47,32,56,29.62
27,Louisville,KY,KSDF,2025-11-14,Fair,1,40,29,65,29.64
27,Louisville,KY,KSDF,2025-11-15,Mostly Cloudy,1,63,53,70,29.41
27,Louisville,KY,KSDF,2025-11-16,Fair,1,61,46,58,29.17
27,Louisville,KY,KSDF,2025-11-17,Fair,1,39,21,49,29.49
27,Louisville,KY,KSDF,2025-11-18,Light Rain,5,45,35,68,29.58
27,Louisville,KY,KSDF,2025-11-19,Mist,1,48,48,100,29.5
27,Louisville,KY,KSDF,2025-11-20,Mist,1,47,46,97,29.63
27,Louisville,KY,KSDF,2025-11-21,Cloudy,1,50,48,93,29.52
27,Louisville,KY,KSDF,2025-11-22,Light Rain,5,61,61,100,29.34
27,Louisville,KY,KSDF,2025-11-23,Partly Cloudy,1,45,44,97,29.57
27,Louisville,KY,KSDF,2025-11-24,Mist,1,47,45,93,29.65
27,Louisville,KY,KSDF,2025-11-25,Light Rain,5,54,50,86,29.38
27,Louisville,KY,KSDF,2025-11-26,Cloudy,1,56,53,90,29.37
27,Louisville,KY,KSDF,2025-11-27,Mostly Cloudy,1,35,20,54,29.68
27,Louisville,KY,KSDF,2025-11-28,Fair,1,30,20,66,29.77
27,Louisville,KY,KSDF,2025-11-29,Mostly Cloudy,1,27,18,69,29.87
27,Louisville,KY,KSDF,2025-11-30,Light Drizzle,5,42,39,89,29.52
28,Knoxville,TN,KTYS,2025-11-01,Fair,1,40,37,89,29.02
28,Knoxville,TN,KTYS,2025-11-02,Light Rain,5,50,47,89,29.1
28,Knoxville,TN,KTYS,2025-11-03,Mist,1,44,43,96,29.16
28,Knoxville,TN,KTYS,2025-11-04,Mist,1,37,36,96,29.27
28,Knoxville,TN,KTYS,2025-11-05,Fair,1,42,40,92,29.17
28,Knoxville,TN,KTYS,2025-11-06,Fair,1,52,45,77,29.1
28,Knoxville,TN,KTYS,2025-11-07,Fair,1,44,38,79,28.95
28,Knoxville,TN,KTYS,2025-11-08,Mostly Cloudy,1,59,58,96,28.79
28,Knoxville,TN,KTYS,2025-11-09,Mist,1,50,49,96,28.76
28,Knoxville,TN,KTYS,2025-11-10,Cloudy,1,37,28,70,29.04
28,Knoxville,TN,KTYS,2025-11-11,Light Snow,10,30,23,75,29.22
28,Knoxville,TN,KTYS,2025-11-12,Fair,1,40,18,41,29.12
28,Knoxville,TN,KTYS,2025-11-13,Fair,1,43,35,74,29.12
28,Knoxville,TN,KTYS,2025-11-14,Fair,1,40,34,79,29.16
28,Knoxville,TN,KTYS,2025-11-15,Fair,1,47,37,68,29.02
28,Knoxville,TN,KTYS,2025-11-16,Cloudy,1,64,52,65,28.69
28,Knoxville,TN,KTYS,2025-11-17,Fair,1,41,26,55,28.93
28,Knoxville,TN,KTYS,2025-11-18,Fair,1,40,28,63,29.07
28,Knoxville,TN,KTYS,2025-11-19,Partly Cloudy,1,65,47,52,28.97
28,Knoxville,TN,KTYS,2025-11-20,Mostly Cloudy,1,54,52,93,29.09
28,Knoxville,TN,KTYS,2025-11-21,Cloudy,1,58,57,97,29.02
28,Knoxville,TN,KTYS,2025-11-22,Cloudy,1,63,60,90,28.89
28,Knoxville,TN,KTYS,2025-11-23,Mostly Cloudy,1,55,51,86,29.03
28,Knoxville,TN,KTYS,2025-11-24,Fair,1,43,40,89,29.11
28,Knoxville,TN,KTYS,2025-11-25,Cloudy,1,57,48,72,28.97
28,Knoxville,TN,KTYS,2025-11-26,Partly Cloudy,1,59,57,93,28.91
28,Knoxville,TN,KTYS,2025-11-27,Partly Cloudy,1,37,23,57,29.16
28,Knoxville,TN,KTYS,2025-11-28,Fair,1,32,20,61,29.25
28,Knoxville,TN,KTYS,2025-11-29,Partly Cloudy,1,30,17,59,29.33
28,Knoxville,TN,KTYS,2025-11-30,Light Rain,5,42,33,70,29.16
29,Savannah,GA,KSAV,2025-11-01,Fair,1,46,42,86,30.02
29,Savannah,GA,KSAV,2025-11-02,Fair,1,46,45,96,30.09
29,Savannah,GA,KSAV,2025-11-03,Fair,1,53,48,83,30.06
29,Savannah,GA,KSAV,2025-11-04,Fair,1,51,44,77,30.21
29,Savannah,GA,KSAV,2025-11-05,Fair,1,45,45,100,30.26
29,Savannah,GA,KSAV,2025-11-06,Fair,1,59,56,90,30.08
29,Savannah,GA,KSAV,2025-11-07,Mist,1,54,54,100,30.02
29,Savannah,GA,KSAV,2025-11-08,Fair,1,63,61,93,29.81
29,Savannah,GA,KSAV,2025-11-09,Fair,1,67,66,97,29.83
29,Savannah,GA,KSAV,2025-11-10,Fair,1,57,41,55,29.86
29,Savannah,GA,KSAV,2025-11-11,Fair,1,33,16,50,30.26
29,Savannah,GA,KSAV,2025-11-12,Fair,1,36,24,62,30.25
29,Savannah,GA,KSAV,2025-11-13,Fair,1,50,43,77,30.14
29,Savannah,GA,KSAV,2025-11-14,Fair,1,48,46,93,30.12
29,Savannah,GA,KSAV,2025-11-15,Fair,1,45,43,93,30.07
29,Savannah,GA,KSAV,2025-11-16,Fair,1,60,48,64,29.79
29,Savannah,GA,KSAV,2025-11-17,Fair,1,57,53,87,29.83
29,Savannah,GA,KSAV,2025-11-18,Fair,1,44,43,96,30.08
29,Savannah,GA,KSAV,2025-11-19,Fair,1,53,51,93,30.1
29,Savannah,GA,KSAV,2025-11-20,Fair,1,61,58,90,30.07
29,Savannah,GA,KSAV,2025-11-21,Fog,1,61,61,100,30.05
29,Savannah,GA,KSAV,2025-11-22,Fair,1,64,57,78,29.99
29,Savannah,GA,KSAV,2025-11-23,Fair,1,67,65,93,29.95
29,Savannah,GA,KSAV,2025-11-24,Mist,1,53,53,100,30.07
29,Savannah,GA,KSAV,2025-11-25,Fair,1,61,57,87,30.08
29,Savannah,GA,KSAV,2025-11-26,Fair,1,65,63,93,29.99
29,Savannah,GA,KSAV,2025-11-27,Fair,1,59,43,55,30.03
29,Savannah,GA,KSAV,2025-11-28,Fair,1,42,19,40,30.18
29,Savannah,GA,KSAV,2025-11-29,Fair,1,33,28,82,30.37
29,Savannah,GA,KSAV,2025-11-30,Partly Cloudy,1,43,39,86,30.24
